sequence,timestamp_sec,timestamp_nsec,uniqueID,pixels_u,pixels_v,x,y,z,global_pose_x,global_pose_y,global_pose_z,vio_pose_x,vio_pose_y,vio_pose_z,trans_x,trans_y,trans_z,rot_q_w,rot_q_x,rot_q_y,rot_q_z
10,1,36909568,1.0,998.6688232421875,27.775732040405273,3.736666202545166,-1.8353019952774048,15.556388854980469,-0.21785563224613666,-0.0721898868783358,7.471747914722783,-0.21785563224613666,-0.0721898868783358,7.471747914722783,0.0,0.0,0.0,1.0,0.0,0.0,0.0
10,1,36909568,2.0,359.6052551269531,151.27972412109375,-9.970203399658203,-1.255440354347229,32.26343536376953,-0.21785563224613666,-0.0721898868783358,7.471747914722783,-0.21785563224613666,-0.0721898868783358,7.471747914722783,0.0,0.0,0.0,1.0,0.0,0.0,0.0
10,1,36909568,4.0,643.2914428710938,172.433349609375,0.2489762306213379,-1.0340631008148193,62.59599304199219,-0.21785563224613666,-0.0721898868783358,7.471747914722783,-0.21785563224613666,-0.0721898868783358,7.471747914722783,0.0,0.0,0.0,1.0,0.0,0.0,0.0
10,1,36909568,6.0,482.7660217285156,193.71839904785156,-8.103717803955078,0.3675526976585388,43.782588958740234,-0.21785563224613666,-0.0721898868783358,7.471747914722783,-0.21785563224613666,-0.0721898868783358,7.471747914722783,0.0,0.0,0.0,1.0,0.0,0.0,0.0
10,1,36909568,7.0,384.2712097167969,201.9454803466797,-7.46829891204834,0.460613876581192,27.769624710083008,-0.21785563224613666,-0.0721898868783358,7.471747914722783,-0.21785563224613666,-0.0721898868783358,7.471747914722783,0.0,0.0,0.0,1.0,0.0,0.0,0.0
10,1,36909568,8.0,685.553466796875,152.9727783203125,2.348461627960205,-1.9503506422042847,47.122108459472656,-0.21785563224613666,-0.0721898868783358,7.471747914722783,-0.21785563224613666,-0.0721898868783358,7.471747914722783,0.0,0.0,0.0,1.0,0.0,0.0,0.0
10,1,36909568,11.0,419.99462890625,135.58016967773438,-11.344034194946289,-2.6143579483032227,43.819942474365234,-0.21785563224613666,-0.0721898868783358,7.471747914722783,-0.21785563224613666,-0.0721898868783358,7.471747914722783,0.0,0.0,0.0,1.0,0.0,0.0,0.0
10,1,36909568,12.0,227.23707580566406,244.30751037597656,-9.491974830627441,1.2665317058563232,23.350168228149414,-0.21785563224613666,-0.0721898868783358,7.471747914722783,-0.21785563224613666,-0.0721898868783358,7.471747914722783,0.0,0.0,0.0,1.0,0.0,0.0,0.0
10,1,36909568,20.0,501.56011962890625,132.22637939453125,-18.292102813720703,-7.122023582458496,102.58929443359375,-0.21785563224613666,-0.0721898868783358,7.471747914722783,-0.21785563224613666,-0.0721898868783358,7.471747914722783,0.0,0.0,0.0,1.0,0.0,0.0,0.0
10,1,36909568,23.0,685.57861328125,114.63681030273438,2.6115574836730957,-4.210483074188232,49.65370559692383,-0.21785563224613666,-0.0721898868783358,7.471747914722783,-0.21785563224613666,-0.0721898868783358,7.471747914722783,0.0,0.0,0.0,1.0,0.0,0.0,0.0
10,1,36909568,28.0,316.0138244628906,161.55857849121094,-13.370855331420898,-0.9778099656105042,36.37165832519531,-0.21785563224613666,-0.0721898868783358,7.471747914722783,-0.21785563224613666,-0.0721898868783358,7.471747914722783,0.0,0.0,0.0,1.0,0.0,0.0,0.0
10,1,36909568,37.0,336.4154357910156,238.48094177246094,-7.131953716278076,1.1568231582641602,23.70931625366211,-0.21785563224613666,-0.0721898868783358,7.471747914722783,-0.21785563224613666,-0.0721898868783358,7.471747914722783,0.0,0.0,0.0,1.0,0.0,0.0,0.0
10,1,36909568,42.0,276.8412170410156,136.56948852539062,-13.439202308654785,-1.847421646118164,33.289283752441406,-0.21785563224613666,-0.0721898868783358,7.471747914722783,-0.21785563224613666,-0.0721898868783358,7.471747914722783,0.0,0.0,0.0,1.0,0.0,0.0,0.0
10,1,36909568,43.0,215.81784057617188,139.52877807617188,-13.172646522521973,-1.489618182182312,29.033447265625,-0.21785563224613666,-0.0721898868783358,7.471747914722783,-0.21785563224613666,-0.0721898868783358,7.471747914722783,0.0,0.0,0.0,1.0,0.0,0.0,0.0
10,1,36909568,53.0,287.3129577636719,193.27134704589844,-12.981942176818848,0.3250747621059418,33.19652557373047,-0.21785563224613666,-0.0721898868783358,7.471747914722783,-0.21785563224613666,-0.0721898868783358,7.471747914722783,0.0,0.0,0.0,1.0,0.0,0.0,0.0
10,1,36909568,62.0,525.6377563476562,174.40272521972656,-16.58563995361328,-1.6998522281646729,112.28966522216797,-0.21785563224613666,-0.0721898868783358,7.471747914722783,-0.21785563224613666,-0.0721898868783358,7.471747914722783,0.0,0.0,0.0,1.0,0.0,0.0,0.0
10,1,36909568,65.0,155.25997924804688,233.179931640625,-12.855252265930176,1.19432532787323,25.775585174560547,-0.21785563224613666,-0.0721898868783358,7.471747914722783,-0.21785563224613666,-0.0721898868783358,7.471747914722783,0.0,0.0,0.0,1.0,0.0,0.0,0.0
10,1,36909568,70.0,608.9682006835938,174.50335693359375,-6.370454788208008,-2.452742099761963,162.6669158935547,-0.21785563224613666,-0.0721898868783358,7.471747914722783,-0.21785563224613666,-0.0721898868783358,7.471747914722783,0.0,0.0,0.0,1.0,0.0,0.0,0.0
10,1,36909568,73.0,251.35154724121094,298.4203796386719,-5.667275905609131,1.523770809173584,17.398210525512695,-0.21785563224613666,-0.0721898868783358,7.471747914722783,-0.21785563224613666,-0.0721898868783358,7.471747914722783,0.0,0.0,0.0,1.0,0.0,0.0,0.0
10,1,36909568,74.0,456.0310363769531,66.08562469482422,-6.800095558166504,-4.389215469360352,33.22196578979492,-0.21785563224613666,-0.0721898868783358,7.471747914722783,-0.21785563224613666,-0.0721898868783358,7.471747914722783,0.0,0.0,0.0,1.0,0.0,0.0,0.0
10,1,36909568,75.0,744.396240234375,62.69855880737305,2.0294270515441895,-2.702695846557617,22.871919631958008,-0.21785563224613666,-0.0721898868783358,7.471747914722783,-0.21785563224613666,-0.0721898868783358,7.471747914722783,0.0,0.0,0.0,1.0,0.0,0.0,0.0
10,1,36909568,76.0,654.6641235351562,41.137962341308594,0.3392389416694641,-4.188220500946045,27.650741577148438,-0.21785563224613666,-0.0721898868783358,7.471747914722783,-0.21785563224613666,-0.0721898868783358,7.471747914722783,0.0,0.0,0.0,1.0,0.0,0.0,0.0
10,1,36909568,77.0,615.9393920898438,95.42649841308594,-1.3280683755874634,-4.561493396759033,43.25503158569336,-0.21785563224613666,-0.0721898868783358,7.471747914722783,-0.21785563224613666,-0.0721898868783358,7.471747914722783,0.0,0.0,0.0,1.0,0.0,0.0,0.0
10,1,36909568,78.0,695.3092041015625,241.15391540527344,1.197014331817627,1.248448133468628,24.781150817871094,-0.21785563224613666,-0.0721898868783358,7.471747914722783,-0.21785563224613666,-0.0721898868783358,7.471747914722783,0.0,0.0,0.0,1.0,0.0,0.0,0.0
10,1,36909568,80.0,122.3260269165039,68.96847534179688,-8.663627624511719,-1.9029020071029663,18.923097610473633,-0.21785563224613666,-0.0721898868783358,7.471747914722783,-0.21785563224613666,-0.0721898868783358,7.471747914722783,0.0,0.0,0.0,1.0,0.0,0.0,0.0
10,1,36909568,82.0,595.802734375,137.04071044921875,-5.03139591217041,-5.636398792266846,90.41259765625,-0.21785563224613666,-0.0721898868783358,7.471747914722783,-0.21785563224613666,-0.0721898868783358,7.471747914722783,0.0,0.0,0.0,1.0,0.0,0.0,0.0
10,1,36909568,86.0,457.5550231933594,12.968046188354492,-5.901707172393799,-5.47560453414917,29.84440803527832,-0.21785563224613666,-0.0721898868783358,7.471747914722783,-0.21785563224613666,-0.0721898868783358,7.471747914722783,0.0,0.0,0.0,1.0,0.0,0.0,0.0
10,1,36909568,88.0,238.0150604248047,184.42481994628906,-13.399170875549316,-0.08459124714136124,30.665685653686523,-0.21785563224613666,-0.0721898868783358,7.471747914722783,-0.21785563224613666,-0.0721898868783358,7.471747914722783,0.0,0.0,0.0,1.0,0.0,0.0,0.0
10,1,36909568,89.0,167.99359130859375,185.9844207763672,-12.967981338500977,-0.03713075444102287,26.44443702697754,-0.21785563224613666,-0.0721898868783358,7.471747914722783,-0.21785563224613666,-0.0721898868783358,7.471747914722783,0.0,0.0,0.0,1.0,0.0,0.0,0.0
10,1,36909568,94.0,931.83642578125,217.99424743652344,2.8550422191619873,0.2563178241252899,15.11490249633789,-0.21785563224613666,-0.0721898868783358,7.471747914722783,-0.21785563224613666,-0.0721898868783358,7.471747914722783,0.0,0.0,0.0,1.0,0.0,0.0,0.0
10,1,36909568,97.0,768.07861328125,140.7158660888672,2.8730344772338867,-1.1272292137145996,24.67850112915039,-0.21785563224613666,-0.0721898868783358,7.471747914722783,-0.21785563224613666,-0.0721898868783358,7.471747914722783,0.0,0.0,0.0,1.0,0.0,0.0,0.0
10,1,36909568,98.0,485.528076171875,43.72542953491211,-5.170200824737549,-4.684607982635498,30.641157150268555,-0.21785563224613666,-0.0721898868783358,7.471747914722783,-0.21785563224613666,-0.0721898868783358,7.471747914722783,0.0,0.0,0.0,1.0,0.0,0.0,0.0
10,1,36909568,100.0,852.6129760742188,293.67755126953125,2.080921173095703,1.1046648025512695,15.298365592956543,-0.21785563224613666,-0.0721898868783358,7.471747914722783,-0.21785563224613666,-0.0721898868783358,7.471747914722783,0.0,0.0,0.0,1.0,0.0,0.0,0.0
10,1,36909568,102.0,559.5823974609375,139.76376342773438,-10.843257904052734,-6.244008541107178,105.02810668945312,-0.21785563224613666,-0.0721898868783358,7.471747914722783,-0.21785563224613666,-0.0721898868783358,7.471747914722783,0.0,0.0,0.0,1.0,0.0,0.0,0.0
10,1,36909568,103.0,395.8916015625,57.70492172241211,-7.213283538818359,-3.7735769748687744,28.014816284179688,-0.21785563224613666,-0.0721898868783358,7.471747914722783,-0.21785563224613666,-0.0721898868783358,7.471747914722783,0.0,0.0,0.0,1.0,0.0,0.0,0.0
10,1,36909568,108.0,356.7559814453125,69.6299057006836,-8.265657424926758,-3.3926608562469482,27.746828079223633,-0.21785563224613666,-0.0721898868783358,7.471747914722783,-0.21785563224613666,-0.0721898868783358,7.471747914722783,0.0,0.0,0.0,1.0,0.0,0.0,0.0
10,1,36909568,110.0,767.687255859375,300.7690124511719,1.493334412574768,1.4795560836791992,17.166858673095703,-0.21785563224613666,-0.0721898868783358,7.471747914722783,-0.21785563224613666,-0.0721898868783358,7.471747914722783,0.0,0.0,0.0,1.0,0.0,0.0,0.0
10,1,36909568,111.0,433.25909423828125,222.31878662109375,-6.877178192138672,1.1530036926269531,30.687236785888672,-0.21785563224613666,-0.0721898868783358,7.471747914722783,-0.21785563224613666,-0.0721898868783358,7.471747914722783,0.0,0.0,0.0,1.0,0.0,0.0,0.0
10,1,36909568,117.0,646.1557006835938,134.564453125,0.5417026281356812,-4.1955342292785645,67.1338119506836,-0.21785563224613666,-0.0721898868783358,7.471747914722783,-0.21785563224613666,-0.0721898868783358,7.471747914722783,0.0,0.0,0.0,1.0,0.0,0.0,0.0
10,1,36909568,140.0,415.2226257324219,278.7839660644531,-3.9370038509368896,1.4811228513717651,19.35886001586914,-0.21785563224613666,-0.0721898868783358,7.471747914722783,-0.21785563224613666,-0.0721898868783358,7.471747914722783,0.0,0.0,0.0,1.0,0.0,0.0,0.0
10,1,36909568,157.0,762.921142578125,193.1895294189453,2.5340070724487305,0.10311639308929443,23.429777145385742,-0.21785563224613666,-0.0721898868783358,7.471747914722783,-0.21785563224613666,-0.0721898868783358,7.471747914722783,0.0,0.0,0.0,1.0,0.0,0.0,0.0
10,1,36909568,159.0,103.89453125,310.56890869140625,-7.328801155090332,1.6057534217834473,16.769325256347656,-0.21785563224613666,-0.0721898868783358,7.471747914722783,-0.21785563224613666,-0.0721898868783358,7.471747914722783,0.0,0.0,0.0,1.0,0.0,0.0,0.0
10,1,36909568,164.0,735.91064453125,372.3509521484375,0.6090972423553467,1.4847556352615356,13.49108600616455,-0.21785563224613666,-0.0721898868783358,7.471747914722783,-0.21785563224613666,-0.0721898868783358,7.471747914722783,0.0,0.0,0.0,1.0,0.0,0.0,0.0
10,1,36909568,166.0,439.9023742675781,105.39813232421875,-9.507007598876953,-3.8081295490264893,40.879493713378906,-0.21785563224613666,-0.0721898868783358,7.471747914722783,-0.21785563224613666,-0.0721898868783358,7.471747914722783,0.0,0.0,0.0,1.0,0.0,0.0,0.0
10,1,36909568,175.0,621.7235717773438,233.02349853515625,-0.7830517292022705,1.3978606462478638,31.165422439575195,-0.21785563224613666,-0.0721898868783358,7.471747914722783,-0.21785563224613666,-0.0721898868783358,7.471747914722783,0.0,0.0,0.0,1.0,0.0,0.0,0.0
10,1,36909568,182.0,164.85482788085938,308.44342041015625,-6.494228363037109,1.5838416814804077,16.77212142944336,-0.21785563224613666,-0.0721898868783358,7.471747914722783,-0.21785563224613666,-0.0721898868783358,7.471747914722783,0.0,0.0,0.0,1.0,0.0,0.0,0.0
10,1,36909568,213.0,70.04405212402344,106.7109146118164,-8.916522979736328,-1.283974528312683,18.132139205932617,-0.21785563224613666,-0.0721898868783358,7.471747914722783,-0.21785563224613666,-0.0721898868783358,7.471747914722783,0.0,0.0,0.0,1.0,0.0,0.0,0.0
10,1,36909568,238.0,762.5210571289062,245.23040771484375,2.3116495609283447,1.0545637607574463,21.93573760986328,-0.21785563224613666,-0.0721898868783358,7.471747914722783,-0.21785563224613666,-0.0721898868783358,7.471747914722783,0.0,0.0,0.0,1.0,0.0,0.0,0.0
10,1,36909568,248.0,655.1735229492188,89.19779205322266,0.44380152225494385,-3.6191635131835938,33.833702087402344,-0.21785563224613666,-0.0721898868783358,7.471747914722783,-0.21785563224613666,-0.0721898868783358,7.471747914722783,0.0,0.0,0.0,1.0,0.0,0.0,0.0
10,1,36909568,266.0,462.78662109375,149.88282775878906,-11.673617362976074,-2.438049554824829,54.24103927612305,-0.21785563224613666,-0.0721898868783358,7.471747914722783,-0.21785563224613666,-0.0721898868783358,7.471747914722783,0.0,0.0,0.0,1.0,0.0,0.0,0.0
10,1,36909568,267.0,618.4110717773438,55.293701171875,-1.0340369939804077,-5.553598403930664,37.644683837890625,-0.21785563224613666,-0.0721898868783358,7.471747914722783,-0.21785563224613666,-0.0721898868783358,7.471747914722783,0.0,0.0,0.0,1.0,0.0,0.0,0.0
10,1,36909568,269.0,281.256103515625,101.33051300048828,-13.429760932922363,-3.20784854888916,33.59919357299805,-0.21785563224613666,-0.0721898868783358,7.471747914722783,-0.21785563224613666,-0.0721898868783358,7.471747914722783,0.0,0.0,0.0,1.0,0.0,0.0,0.0
10,1,36909568,282.0,467.47100830078125,267.9148254394531,-3.312462568283081,1.463528037071228,20.55447006225586,-0.21785563224613666,-0.0721898868783358,7.471747914722783,-0.21785563224613666,-0.0721898868783358,7.471747914722783,0.0,0.0,0.0,1.0,0.0,0.0,0.0
10,1,36909568,292.0,625.0068969726562,295.906005859375,-0.4320199489593506,1.463828444480896,17.594755172729492,-0.21785563224613666,-0.0721898868783358,7.471747914722783,-0.21785563224613666,-0.0721898868783358,7.471747914722783,0.0,0.0,0.0,1.0,0.0,0.0,0.0
10,1,36909568,293.0,380.825927734375,17.156627655029297,-7.370128631591797,-4.763775825500488,27.196088790893555,-0.21785563224613666,-0.0721898868783358,7.471747914722783,-0.21785563224613666,-0.0721898868783358,7.471747914722783,0.0,0.0,0.0,1.0,0.0,0.0,0.0
10,1,36909568,302.0,13.452041625976562,268.53265380859375,-9.216373443603516,1.1326831579208374,17.46307373046875,-0.21785563224613666,-0.0721898868783358,7.471747914722783,-0.21785563224613666,-0.0721898868783358,7.471747914722783,0.0,0.0,0.0,1.0,0.0,0.0,0.0
10,1,36909568,308.0,805.5977172851562,157.37478637695312,4.790302753448486,-0.8803853392601013,29.103076934814453,-0.21785563224613666,-0.0721898868783358,7.471747914722783,-0.21785563224613666,-0.0721898868783358,7.471747914722783,0.0,0.0,0.0,1.0,0.0,0.0,0.0
10,1,36909568,330.0,560.1327514648438,274.5018005371094,-1.5851433277130127,1.48457670211792,19.997434616088867,-0.21785563224613666,-0.0721898868783358,7.471747914722783,-0.21785563224613666,-0.0721898868783358,7.471747914722783,0.0,0.0,0.0,1.0,0.0,0.0,0.0
10,1,36909568,336.0,676.7262573242188,294.6357421875,0.34787386655807495,1.452326774597168,17.544065475463867,-0.21785563224613666,-0.0721898868783358,7.471747914722783,-0.21785563224613666,-0.0721898868783358,7.471747914722783,0.0,0.0,0.0,1.0,0.0,0.0,0.0
10,1,36909568,343.0,359.7156982421875,299.79071044921875,-4.147306442260742,1.5555763244628906,17.505176544189453,-0.21785563224613666,-0.0721898868783358,7.471747914722783,-0.21785563224613666,-0.0721898868783358,7.471747914722783,0.0,0.0,0.0,1.0,0.0,0.0,0.0
10,1,36909568,348.0,331.5887451171875,39.963096618652344,-8.919411659240723,-4.179731369018555,27.517658233642578,-0.21785563224613666,-0.0721898868783358,7.471747914722783,-0.21785563224613666,-0.0721898868783358,7.471747914722783,0.0,0.0,0.0,1.0,0.0,0.0,0.0
10,1,36909568,380.0,233.09552001953125,97.25543212890625,-13.376702308654785,-2.9208743572235107,30.308855056762695,-0.21785563224613666,-0.0721898868783358,7.471747914722783,-0.21785563224613666,-0.0721898868783358,7.471747914722783,0.0,0.0,0.0,1.0,0.0,0.0,0.0
10,1,36909568,381.0,141.3177947998047,152.91250610351562,-12.766600608825684,-0.8734807372093201,25.144424438476562,-0.21785563224613666,-0.0721898868783358,7.471747914722783,-0.21785563224613666,-0.0721898868783358,7.471747914722783,0.0,0.0,0.0,1.0,0.0,0.0,0.0
10,1,36909568,383.0,690.4817504882812,5.958865165710449,0.9428794384002686,-4.0956196784973145,23.541339874267578,-0.21785563224613666,-0.0721898868783358,7.471747914722783,-0.21785563224613666,-0.0721898868783358,7.471747914722783,0.0,0.0,0.0,1.0,0.0,0.0,0.0
10,1,36909568,385.0,266.84912109375,49.44157028198242,-11.130973815917969,-4.047068119049072,28.180667877197266,-0.21785563224613666,-0.0721898868783358,7.471747914722783,-0.21785563224613666,-0.0721898868783358,7.471747914722783,0.0,0.0,0.0,1.0,0.0,0.0,0.0
10,1,36909568,393.0,423.8740539550781,29.829025268554688,-6.648430824279785,-4.753209590911865,28.805755615234375,-0.21785563224613666,-0.0721898868783358,7.471747914722783,-0.21785563224613666,-0.0721898868783358,7.471747914722783,0.0,0.0,0.0,1.0,0.0,0.0,0.0
10,1,36909568,394.0,530.6677856445312,229.4651336669922,-4.239329814910889,1.5487867593765259,34.27230453491211,-0.21785563224613666,-0.0721898868783358,7.471747914722783,-0.21785563224613666,-0.0721898868783358,7.471747914722783,0.0,0.0,0.0,1.0,0.0,0.0,0.0
10,1,36909568,422.0,482.5024719238281,97.00833892822266,-8.462721824645996,-4.706848621368408,45.087955474853516,-0.21785563224613666,-0.0721898868783358,7.471747914722783,-0.21785563224613666,-0.0721898868783358,7.471747914722783,0.0,0.0,0.0,1.0,0.0,0.0,0.0
10,1,36909568,450.0,1009.594970703125,142.5616912841797,7.401741981506348,-0.9705880880355835,22.523723602294922,-0.21785563224613666,-0.0721898868783358,7.471747914722783,-0.21785563224613666,-0.0721898868783358,7.471747914722783,0.0,0.0,0.0,1.0,0.0,0.0,0.0
10,1,36909568,473.0,937.4305419921875,37.90113830566406,3.158555507659912,-1.765029788017273,15.741806983947754,-0.21785563224613666,-0.0721898868783358,7.471747914722783,-0.21785563224613666,-0.0721898868783358,7.471747914722783,0.0,0.0,0.0,1.0,0.0,0.0,0.0
10,1,36909568,478.0,1050.5816650390625,142.3685302734375,8.23478889465332,-0.9772654175758362,22.55588722229004,-0.21785563224613666,-0.0721898868783358,7.471747914722783,-0.21785563224613666,-0.0721898868783358,7.471747914722783,0.0,0.0,0.0,1.0,0.0,0.0,0.0
10,1,36909568,480.0,380.4617004394531,240.8609619140625,-7.888297080993652,1.5883584022521973,28.59833526611328,-0.21785563224613666,-0.0721898868783358,7.471747914722783,-0.21785563224613666,-0.0721898868783358,7.471747914722783,0.0,0.0,0.0,1.0,0.0,0.0,0.0
10,1,36909568,481.0,811.178466796875,318.8316650390625,1.826672077178955,1.4784187078475952,15.988541603088379,-0.21785563224613666,-0.0721898868783358,7.471747914722783,-0.21785563224613666,-0.0721898868783358,7.471747914722783,0.0,0.0,0.0,1.0,0.0,0.0,0.0
10,1,36909568,482.0,126.60939025878906,205.9696502685547,-12.98526668548584,0.4540902078151703,24.916173934936523,-0.21785563224613666,-0.0721898868783358,7.471747914722783,-0.21785563224613666,-0.0721898868783358,7.471747914722783,0.0,0.0,0.0,1.0,0.0,0.0,0.0
10,1,36909568,484.0,114.29480743408203,247.91700744628906,-12.754633903503418,1.41962468624115,24.190292358398438,-0.21785563224613666,-0.0721898868783358,7.471747914722783,-0.21785563224613666,-0.0721898868783358,7.471747914722783,0.0,0.0,0.0,1.0,0.0,0.0,0.0
10,1,36909568,494.0,304.5004577636719,285.77783203125,-5.707963466644287,1.5755839347839355,19.07145881652832,-0.21785563224613666,-0.0721898868783358,7.471747914722783,-0.21785563224613666,-0.0721898868783358,7.471747914722783,0.0,0.0,0.0,1.0,0.0,0.0,0.0
10,1,36909568,502.0,395.1631774902344,92.52922821044922,-7.2402496337890625,-2.736933469772339,28.00432777404785,-0.21785563224613666,-0.0721898868783358,7.471747914722783,-0.21785563224613666,-0.0721898868783358,7.471747914722783,0.0,0.0,0.0,1.0,0.0,0.0,0.0
10,1,36909568,503.0,300.385009765625,55.235679626464844,-10.005271911621094,-3.8351027965545654,27.945537567138672,-0.21785563224613666,-0.0721898868783358,7.471747914722783,-0.21785563224613666,-0.0721898868783358,7.471747914722783,0.0,0.0,0.0,1.0,0.0,0.0,0.0
10,1,36909568,505.0,208.83457946777344,304.73468017578125,-6.0942063331604,1.5781100988388062,17.08426856994629,-0.21785563224613666,-0.0721898868783358,7.471747914722783,-0.21785563224613666,-0.0721898868783358,7.471747914722783,0.0,0.0,0.0,1.0,0.0,0.0,0.0
10,1,36909568,513.0,741.681640625,109.87317657470703,2.1792361736297607,-1.8027701377868652,24.078229904174805,-0.21785563224613666,-0.0721898868783358,7.471747914722783,-0.21785563224613666,-0.0721898868783358,7.471747914722783,0.0,0.0,0.0,1.0,0.0,0.0,0.0
10,1,36909568,516.0,450.3030700683594,179.478759765625,-15.715852737426758,-0.5857797861099243,66.44850158691406,-0.21785563224613666,-0.0721898868783358,7.471747914722783,-0.21785563224613666,-0.0721898868783358,7.471747914722783,0.0,0.0,0.0,1.0,0.0,0.0,0.0
10,1,36909568,518.0,18.90951156616211,31.845670700073242,-8.517366409301758,-2.1493027210235596,16.7900447845459,-0.21785563224613666,-0.0721898868783358,7.471747914722783,-0.21785563224613666,-0.0721898868783358,7.471747914722783,0.0,0.0,0.0,1.0,0.0,0.0,0.0
10,1,36909568,524.0,398.3125915527344,166.91050720214844,-13.8240385055542,-1.1336747407913208,47.804378509521484,-0.21785563224613666,-0.0721898868783358,7.471747914722783,-0.21785563224613666,-0.0721898868783358,7.471747914722783,0.0,0.0,0.0,1.0,0.0,0.0,0.0
10,1,36909568,526.0,719.8652954101562,29.351390838623047,1.6989789009094238,-3.7395482063293457,24.35340690612793,-0.21785563224613666,-0.0721898868783358,7.471747914722783,-0.21785563224613666,-0.0721898868783358,7.471747914722783,0.0,0.0,0.0,1.0,0.0,0.0,0.0
10,1,36909568,527.0,97.05316162109375,155.56385803222656,-12.745376586914062,-0.7399898767471313,23.62858772277832,-0.21785563224613666,-0.0721898868783358,7.471747914722783,-0.21785563224613666,-0.0721898868783358,7.471747914722783,0.0,0.0,0.0,1.0,0.0,0.0,0.0
10,1,36909568,536.0,551.2401733398438,324.92388916015625,-1.2031806707382202,1.520920753479004,15.629189491271973,-0.21785563224613666,-0.0721898868783358,7.471747914722783,-0.21785563224613666,-0.0721898868783358,7.471747914722783,0.0,0.0,0.0,1.0,0.0,0.0,0.0
10,1,36909568,556.0,729.5696411132812,266.1306457519531,1.4903078079223633,1.4252649545669556,20.90829086303711,-0.21785563224613666,-0.0721898868783358,7.471747914722783,-0.21785563224613666,-0.0721898868783358,7.471747914722783,0.0,0.0,0.0,1.0,0.0,0.0,0.0
10,1,36909568,558.0,896.6629638671875,283.16925048828125,2.4574666023254395,0.9239585995674133,15.008623123168945,-0.21785563224613666,-0.0721898868783358,7.471747914722783,-0.21785563224613666,-0.0721898868783358,7.471747914722783,0.0,0.0,0.0,1.0,0.0,0.0,0.0
10,1,36909568,561.0,1065.0467529296875,284.9239501953125,3.2201290130615234,0.7151270508766174,13.4039306640625,-0.21785563224613666,-0.0721898868783358,7.471747914722783,-0.21785563224613666,-0.0721898868783358,7.471747914722783,0.0,0.0,0.0,1.0,0.0,0.0,0.0
10,1,36909568,562.0,145.7449493408203,5.081593036651611,-7.975684642791748,-2.9277169704437256,18.495697021484375,-0.21785563224613666,-0.0721898868783358,7.471747914722783,-0.21785563224613666,-0.0721898868783358,7.471747914722783,0.0,0.0,0.0,1.0,0.0,0.0,0.0
10,1,36909568,563.0,510.2049560546875,268.5177917480469,-2.559525489807129,1.4411747455596924,20.60239028930664,-0.21785563224613666,-0.0721898868783358,7.471747914722783,-0.21785563224613666,-0.0721898868783358,7.471747914722783,0.0,0.0,0.0,1.0,0.0,0.0,0.0
10,1,36909568,564.0,808.6494140625,114.80780029296875,4.582565784454346,-2.0698060989379883,27.869739532470703,-0.21785563224613666,-0.0721898868783358,7.471747914722783,-0.21785563224613666,-0.0721898868783358,7.471747914722783,0.0,0.0,0.0,1.0,0.0,0.0,0.0
10,1,36909568,567.0,957.3095092773438,255.1284637451172,3.0739619731903076,0.6346360445022583,15.027365684509277,-0.21785563224613666,-0.0721898868783358,7.471747914722783,-0.21785563224613666,-0.0721898868783358,7.471747914722783,0.0,0.0,0.0,1.0,0.0,0.0,0.0
12,1,244241920,2.0,345.5538330078125,149.7018280029297,-9.87431526184082,-1.2356032133102417,31.96007537841797,-0.31164080846811715,-0.08673792321938643,9.10833416879417,-0.31164080846811715,-0.08673792321938643,9.10833416879417,0.0,0.0,0.0,1.0,0.0,0.0,0.0
12,1,244241920,4.0,647.8209228515625,173.26657104492188,0.27462324500083923,-1.1213399171829224,67.35337829589844,-0.31164080846811715,-0.08673792321938643,9.10833416879417,-0.31164080846811715,-0.08673792321938643,9.10833416879417,0.0,0.0,0.0,1.0,0.0,0.0,0.0
12,1,244241920,6.0,481.55633544921875,195.00730895996094,-8.150045394897461,0.376437246799469,44.0883903503418,-0.31164080846811715,-0.08673792321938643,9.10833416879417,-0.31164080846811715,-0.08673792321938643,9.10833416879417,0.0,0.0,0.0,1.0,0.0,0.0,0.0
12,1,244241920,7.0,370.0048522949219,203.93006896972656,-7.520190238952637,0.4603155851364136,27.940771102905273,-0.31164080846811715,-0.08673792321938643,9.10833416879417,-0.31164080846811715,-0.08673792321938643,9.10833416879417,0.0,0.0,0.0,1.0,0.0,0.0,0.0
12,1,244241920,8.0,693.8355102539062,152.52166748046875,2.2192747592926025,-1.8300257921218872,44.59124755859375,-0.31164080846811715,-0.08673792321938643,9.10833416879417,-0.31164080846811715,-0.08673792321938643,9.10833416879417,0.0,0.0,0.0,1.0,0.0,0.0,0.0
12,1,244241920,11.0,415.14385986328125,134.31114196777344,-11.272054672241211,-2.5963056087493896,43.574668884277344,-0.31164080846811715,-0.08673792321938643,9.10833416879417,-0.31164080846811715,-0.08673792321938643,9.10833416879417,0.0,0.0,0.0,1.0,0.0,0.0,0.0
12,1,244241920,12.0,190.16879272460938,251.85177612304688,-9.499865531921387,1.2706823348999023,23.36928939819336,-0.31164080846811715,-0.08673792321938643,9.10833416879417,-0.31164080846811715,-0.08673792321938643,9.10833416879417,0.0,0.0,0.0,1.0,0.0,0.0,0.0
12,1,244241920,20.0,503.6268005371094,132.02639770507812,-18.379831314086914,-7.1475067138671875,103.06087493896484,-0.31164080846811715,-0.08673792321938643,9.10833416879417,-0.31164080846811715,-0.08673792321938643,9.10833416879417,0.0,0.0,0.0,1.0,0.0,0.0,0.0
12,1,244241920,23.0,693.1893920898438,112.80595397949219,2.6025490760803223,-4.201675891876221,49.398616790771484,-0.31164080846811715,-0.08673792321938643,9.10833416879417,-0.31164080846811715,-0.08673792321938643,9.10833416879417,0.0,0.0,0.0,1.0,0.0,0.0,0.0
12,1,244241920,28.0,301.8996276855469,159.37391662597656,-13.170305252075195,-0.9717968702316284,35.84793472290039,-0.31164080846811715,-0.08673792321938643,9.10833416879417,-0.31164080846811715,-0.08673792321938643,9.10833416879417,0.0,0.0,0.0,1.0,0.0,0.0,0.0
12,1,244241920,37.0,311.62371826171875,245.26409912109375,-7.144555568695068,1.1613764762878418,23.74941635131836,-0.31164080846811715,-0.08673792321938643,9.10833416879417,-0.31164080846811715,-0.08673792321938643,9.10833416879417,0.0,0.0,0.0,1.0,0.0,0.0,0.0
12,1,244241920,42.0,259.6614990234375,134.26943969726562,-13.428970336914062,-1.835960865020752,33.27400588989258,-0.31164080846811715,-0.08673792321938643,9.10833416879417,-0.31164080846811715,-0.08673792321938643,9.10833416879417,0.0,0.0,0.0,1.0,0.0,0.0,0.0
12,1,244241920,43.0,189.4239044189453,136.71170043945312,-13.146564483642578,-1.4802807569503784,28.980775833129883,-0.31164080846811715,-0.08673792321938643,9.10833416879417,-0.31164080846811715,-0.08673792321938643,9.10833416879417,0.0,0.0,0.0,1.0,0.0,0.0,0.0
12,1,244241920,53.0,270.8523254394531,193.949462890625,-12.975482940673828,0.32707491517066956,33.19092559814453,-0.31164080846811715,-0.08673792321938643,9.10833416879417,-0.31164080846811715,-0.08673792321938643,9.10833416879417,0.0,0.0,0.0,1.0,0.0,0.0,0.0
12,1,244241920,62.0,527.9606323242188,174.88455200195312,-16.42405128479004,-1.678650975227356,111.30094146728516,-0.31164080846811715,-0.08673792321938643,9.10833416879417,-0.31164080846811715,-0.08673792321938643,9.10833416879417,0.0,0.0,0.0,1.0,0.0,0.0,0.0
12,1,244241920,65.0,118.39100646972656,238.24713134765625,-12.926265716552734,1.2059144973754883,25.905406951904297,-0.31164080846811715,-0.08673792321938643,9.10833416879417,-0.31164080846811715,-0.08673792321938643,9.10833416879417,0.0,0.0,0.0,1.0,0.0,0.0,0.0
12,1,244241920,70.0,612.584716796875,175.12677001953125,-6.222773551940918,-2.412461757659912,159.33468627929688,-0.31164080846811715,-0.08673792321938643,9.10833416879417,-0.31164080846811715,-0.08673792321938643,9.10833416879417,0.0,0.0,0.0,1.0,0.0,0.0,0.0
12,1,244241920,73.0,188.38658142089844,321.3334655761719,-5.65443229675293,1.5222022533416748,17.38074493408203,-0.31164080846811715,-0.08673792321938643,9.10833416879417,-0.31164080846811715,-0.08673792321938643,9.10833416879417,0.0,0.0,0.0,1.0,0.0,0.0,0.0
12,1,244241920,74.0,450.05560302734375,58.916805267333984,-6.793603897094727,-4.38796854019165,33.17826461791992,-0.31164080846811715,-0.08673792321938643,9.10833416879417,-0.31164080846811715,-0.08673792321938643,9.10833416879417,0.0,0.0,0.0,1.0,0.0,0.0,0.0
12,1,244241920,75.0,767.1331176757812,49.15212631225586,2.009807586669922,-2.682840347290039,22.71239471435547,-0.31164080846811715,-0.08673792321938643,9.10833416879417,-0.31164080846811715,-0.08673792321938643,9.10833416879417,0.0,0.0,0.0,1.0,0.0,0.0,0.0
12,1,244241920,77.0,620.4519653320312,91.77720642089844,-1.295716643333435,-4.474717617034912,42.5022087097168,-0.31164080846811715,-0.08673792321938643,9.10833416879417,-0.31164080846811715,-0.08673792321938643,9.10833416879417,0.0,0.0,0.0,1.0,0.0,0.0,0.0
12,1,244241920,78.0,708.1522827148438,247.96803283691406,1.2198549509048462,1.2772727012634277,25.237958908081055,-0.31164080846811715,-0.08673792321938643,9.10833416879417,-0.31164080846811715,-0.08673792321938643,9.10833416879417,0.0,0.0,0.0,1.0,0.0,0.0,0.0
12,1,244241920,82.0,599.2730102539062,136.71353149414062,-4.750784873962402,-5.341352462768555,85.85240936279297,-0.31164080846811715,-0.08673792321938643,9.10833416879417,-0.31164080846811715,-0.08673792321938643,9.10833416879417,0.0,0.0,0.0,1.0,0.0,0.0,0.0
12,1,244241920,88.0,215.21961975097656,185.1466522216797,-13.347909927368164,-0.08012925088405609,30.56812858581543,-0.31164080846811715,-0.08673792321938643,9.10833416879417,-0.31164080846811715,-0.08673792321938643,9.10833416879417,0.0,0.0,0.0,1.0,0.0,0.0,0.0
12,1,244241920,89.0,133.3360595703125,186.808349609375,-13.027244567871094,-0.03198789432644844,26.542591094970703,-0.31164080846811715,-0.08673792321938643,9.10833416879417,-0.31164080846811715,-0.08673792321938643,9.10833416879417,0.0,0.0,0.0,1.0,0.0,0.0,0.0
12,1,244241920,94.0,1027.392822265625,230.13076782226562,2.8656349182128906,0.2599550187587738,15.172348976135254,-0.31164080846811715,-0.08673792321938643,9.10833416879417,-0.31164080846811715,-0.08673792321938643,9.10833416879417,0.0,0.0,0.0,1.0,0.0,0.0,0.0
12,1,244241920,98.0,480.6751403808594,34.69593811035156,-5.2101640701293945,-4.711069107055664,30.812231063842773,-0.31164080846811715,-0.08673792321938643,9.10833416879417,-0.31164080846811715,-0.08673792321938643,9.10833416879417,0.0,0.0,0.0,1.0,0.0,0.0,0.0
12,1,244241920,100.0,920.6896362304688,323.8841857910156,2.1070377826690674,1.1149309873580933,15.450095176696777,-0.31164080846811715,-0.08673792321938643,9.10833416879417,-0.31164080846811715,-0.08673792321938643,9.10833416879417,0.0,0.0,0.0,1.0,0.0,0.0,0.0
12,1,244241920,102.0,562.4313354492188,139.70619201660156,-10.761396408081055,-6.146838665008545,104.11495208740234,-0.31164080846811715,-0.08673792321938643,9.10833416879417,-0.31164080846811715,-0.08673792321938643,9.10833416879417,0.0,0.0,0.0,1.0,0.0,0.0,0.0
12,1,244241920,103.0,382.88568115234375,47.9927864074707,-7.203603744506836,-3.7639575004577637,27.983797073364258,-0.31164080846811715,-0.08673792321938643,9.10833416879417,-0.31164080846811715,-0.08673792321938643,9.10833416879417,0.0,0.0,0.0,1.0,0.0,0.0,0.0
12,1,244241920,108.0,339.90899658203125,60.63200759887695,-8.257035255432129,-3.387145519256592,27.725934982299805,-0.31164080846811715,-0.08673792321938643,9.10833416879417,-0.31164080846811715,-0.08673792321938643,9.10833416879417,0.0,0.0,0.0,1.0,0.0,0.0,0.0
12,1,244241920,110.0,807.4017333984375,328.1147766113281,1.4722623825073242,1.461198329925537,17.011552810668945,-0.31164080846811715,-0.08673792321938643,9.10833416879417,-0.31164080846811715,-0.08673792321938643,9.10833416879417,0.0,0.0,0.0,1.0,0.0,0.0,0.0
12,1,244241920,111.0,424.1883239746094,225.72804260253906,-6.833158016204834,1.147762656211853,30.526891708374023,-0.31164080846811715,-0.08673792321938643,9.10833416879417,-0.31164080846811715,-0.08673792321938643,9.10833416879417,0.0,0.0,0.0,1.0,0.0,0.0,0.0
12,1,244241920,117.0,650.5820922851562,133.36566162109375,0.5195772647857666,-4.068711757659912,64.86119842529297,-0.31164080846811715,-0.08673792321938643,9.10833416879417,-0.31164080846811715,-0.08673792321938643,9.10833416879417,0.0,0.0,0.0,1.0,0.0,0.0,0.0
12,1,244241920,140.0,386.91314697265625,296.3879699707031,-3.9136805534362793,1.473023772239685,19.26003074645996,-0.31164080846811715,-0.08673792321938643,9.10833416879417,-0.31164080846811715,-0.08673792321938643,9.10833416879417,0.0,0.0,0.0,1.0,0.0,0.0,0.0
12,1,244241920,157.0,785.6902465820312,195.62631225585938,2.5272274017333984,0.10449064522981644,23.366973876953125,-0.31164080846811715,-0.08673792321938643,9.10833416879417,-0.31164080846811715,-0.08673792321938643,9.10833416879417,0.0,0.0,0.0,1.0,0.0,0.0,0.0
12,1,244241920,159.0,6.997735977172852,337.5871887207031,-7.321723461151123,1.6035789251327515,16.762195587158203,-0.31164080846811715,-0.08673792321938643,9.10833416879417,-0.31164080846811715,-0.08673792321938643,9.10833416879417,0.0,0.0,0.0,1.0,0.0,0.0,0.0
12,1,244241920,166.0,435.6307067871094,102.23250579833984,-9.500932693481445,-3.801790952682495,40.8375244140625,-0.31164080846811715,-0.08673792321938643,9.10833416879417,-0.31164080846811715,-0.08673792321938643,9.10833416879417,0.0,0.0,0.0,1.0,0.0,0.0,0.0
12,1,244241920,175.0,627.2301025390625,238.56271362304688,-0.7468554377555847,1.3519296646118164,30.093481063842773,-0.31164080846811715,-0.08673792321938643,9.10833416879417,-0.31164080846811715,-0.08673792321938643,9.10833416879417,0.0,0.0,0.0,1.0,0.0,0.0,0.0
12,1,244241920,182.0,80.8436508178711,334.4586181640625,-6.504092216491699,1.585111379623413,16.79802894592285,-0.31164080846811715,-0.08673792321938643,9.10833416879417,-0.31164080846811715,-0.08673792321938643,9.10833416879417,0.0,0.0,0.0,1.0,0.0,0.0,0.0
12,1,244241920,238.0,786.15380859375,254.735595703125,2.32478666305542,1.0654112100601196,22.05801010131836,-0.31164080846811715,-0.08673792321938643,9.10833416879417,-0.31164080846811715,-0.08673792321938643,9.10833416879417,0.0,0.0,0.0,1.0,0.0,0.0,0.0
12,1,244241920,248.0,662.2868041992188,83.9205322265625,0.4487023949623108,-3.6705479621887207,34.32747268676758,-0.31164080846811715,-0.08673792321938643,9.10833416879417,-0.31164080846811715,-0.08673792321938643,9.10833416879417,0.0,0.0,0.0,1.0,0.0,0.0,0.0
12,1,244241920,266.0,461.7401123046875,149.61074829101562,-11.789750099182129,-2.442981243133545,54.7464485168457,-0.31164080846811715,-0.08673792321938643,9.10833416879417,-0.31164080846811715,-0.08673792321938643,9.10833416879417,0.0,0.0,0.0,1.0,0.0,0.0,0.0
12,1,244241920,267.0,623.1552124023438,48.901763916015625,-1.0339676141738892,-5.528963088989258,37.58567810058594,-0.31164080846811715,-0.08673792321938643,9.10833416879417,-0.31164080846811715,-0.08673792321938643,9.10833416879417,0.0,0.0,0.0,1.0,0.0,0.0,0.0
12,1,244241920,269.0,264.76165771484375,96.98765563964844,-13.455216407775879,-3.205838680267334,33.65728759765625,-0.31164080846811715,-0.08673792321938643,9.10833416879417,-0.31164080846811715,-0.08673792321938643,9.10833416879417,0.0,0.0,0.0,1.0,0.0,0.0,0.0
12,1,244241920,282.0,452.1126403808594,280.19189453125,-3.31540584564209,1.4694774150848389,20.557373046875,-0.31164080846811715,-0.08673792321938643,9.10833416879417,-0.31164080846811715,-0.08673792321938643,9.10833416879417,0.0,0.0,0.0,1.0,0.0,0.0,0.0
12,1,244241920,292.0,633.7750854492188,319.7477722167969,-0.43238192796707153,1.4625866413116455,17.520246505737305,-0.31164080846811715,-0.08673792321938643,9.10833416879417,-0.31164080846811715,-0.08673792321938643,9.10833416879417,0.0,0.0,0.0,1.0,0.0,0.0,0.0
12,1,244241920,293.0,365.6446838378906,3.6979880332946777,-7.381357192993164,-4.76334810256958,27.23664093017578,-0.31164080846811715,-0.08673792321938643,9.10833416879417,-0.31164080846811715,-0.08673792321938643,9.10833416879417,0.0,0.0,0.0,1.0,0.0,0.0,0.0
12,1,244241920,308.0,826.432861328125,157.07864379882812,4.78399133682251,-0.8663257956504822,29.085840225219727,-0.31164080846811715,-0.08673792321938643,9.10833416879417,-0.31164080846811715,-0.08673792321938643,9.10833416879417,0.0,0.0,0.0,1.0,0.0,0.0,0.0
12,1,244241920,330.0,557.6552734375,290.0450744628906,-1.5777925252914429,1.482043743133545,19.887916564941406,-0.31164080846811715,-0.08673792321938643,9.10833416879417,-0.31164080846811715,-0.08673792321938643,9.10833416879417,0.0,0.0,0.0,1.0,0.0,0.0,0.0
12,1,244241920,336.0,694.4631958007812,317.29437255859375,0.35006365180015564,1.4745988845825195,17.7086181640625,-0.31164080846811715,-0.08673792321938643,9.10833416879417,-0.31164080846811715,-0.08673792321938643,9.10833416879417,0.0,0.0,0.0,1.0,0.0,0.0,0.0
12,1,244241920,343.0,319.701416015625,321.92071533203125,-4.162827968597412,1.5638924837112427,17.556337356567383,-0.31164080846811715,-0.08673792321938643,9.10833416879417,-0.31164080846811715,-0.08673792321938643,9.10833416879417,0.0,0.0,0.0,1.0,0.0,0.0,0.0
12,1,244241920,348.0,312.530029296875,27.89636993408203,-8.9070405960083,-4.168919563293457,27.489431381225586,-0.31164080846811715,-0.08673792321938643,9.10833416879417,-0.31164080846811715,-0.08673792321938643,9.10833416879417,0.0,0.0,0.0,1.0,0.0,0.0,0.0
12,1,244241920,380.0,209.95138549804688,91.51183319091797,-13.375472068786621,-2.9129040241241455,30.308895111083984,-0.31164080846811715,-0.08673792321938643,9.10833416879417,-0.31164080846811715,-0.08673792321938643,9.10833416879417,0.0,0.0,0.0,1.0,0.0,0.0,0.0
12,1,244241920,381.0,100.71480560302734,150.31430053710938,-12.735617637634277,-0.8659072518348694,25.091020584106445,-0.31164080846811715,-0.08673792321938643,9.10833416879417,-0.31164080846811715,-0.08673792321938643,9.10833416879417,0.0,0.0,0.0,1.0,0.0,0.0,0.0
12,1,244241920,385.0,243.9486541748047,39.039405822753906,-11.153047561645508,-4.047560214996338,28.235214233398438,-0.31164080846811715,-0.08673792321938643,9.10833416879417,-0.31164080846811715,-0.08673792321938643,9.10833416879417,0.0,0.0,0.0,1.0,0.0,0.0,0.0
12,1,244241920,393.0,413.2943115234375,18.385780334472656,-6.647048473358154,-4.742851257324219,28.80474090576172,-0.31164080846811715,-0.08673792321938643,9.10833416879417,-0.31164080846811715,-0.08673792321938643,9.10833416879417,0.0,0.0,0.0,1.0,0.0,0.0,0.0
12,1,244241920,394.0,529.3471069335938,234.29537963867188,-4.100034236907959,1.5075278282165527,33.20854568481445,-0.31164080846811715,-0.08673792321938643,9.10833416879417,-0.31164080846811715,-0.08673792321938643,9.10833416879417,0.0,0.0,0.0,1.0,0.0,0.0,0.0
12,1,244241920,422.0,480.90606689453125,93.52733612060547,-8.47474479675293,-4.696130752563477,45.14044189453125,-0.31164080846811715,-0.08673792321938643,9.10833416879417,-0.31164080846811715,-0.08673792321938643,9.10833416879417,0.0,0.0,0.0,1.0,0.0,0.0,0.0
12,1,244241920,473.0,1026.0238037109375,5.054476261138916,3.1740643978118896,-1.7671805620193481,15.806131362915039,-0.31164080846811715,-0.08673792321938643,9.10833416879417,-0.31164080846811715,-0.08673792321938643,9.10833416879417,0.0,0.0,0.0,1.0,0.0,0.0,0.0
12,1,244241920,480.0,366.2858581542969,246.21304321289062,-7.917798042297363,1.603509783744812,28.684797286987305,-0.31164080846811715,-0.08673792321938643,9.10833416879417,-0.31164080846811715,-0.08673792321938643,9.10833416879417,0.0,0.0,0.0,1.0,0.0,0.0,0.0
12,1,244241920,481.0,866.2853393554688,354.61639404296875,1.828357219696045,1.4879034757614136,16.015644073486328,-0.31164080846811715,-0.08673792321938643,9.10833416879417,-0.31164080846811715,-0.08673792321938643,9.10833416879417,0.0,0.0,0.0,1.0,0.0,0.0,0.0
12,1,244241920,482.0,84.24195861816406,208.73785400390625,-12.981881141662598,0.46039777994155884,24.910627365112305,-0.31164080846811715,-0.08673792321938643,9.10833416879417,-0.31164080846811715,-0.08673792321938643,9.10833416879417,0.0,0.0,0.0,1.0,0.0,0.0,0.0
12,1,244241920,484.0,68.78546142578125,255.52857971191406,-12.763093948364258,1.4265632629394531,24.202741622924805,-0.31164080846811715,-0.08673792321938643,9.10833416879417,-0.31164080846811715,-0.08673792321938643,9.10833416879417,0.0,0.0,0.0,1.0,0.0,0.0,0.0
12,1,244241920,494.0,260.74554443359375,303.645263671875,-5.6886138916015625,1.5751949548721313,19.01793670654297,-0.31164080846811715,-0.08673792321938643,9.10833416879417,-0.31164080846811715,-0.08673792321938643,9.10833416879417,0.0,0.0,0.0,1.0,0.0,0.0,0.0
12,1,244241920,502.0,381.8570251464844,85.4650650024414,-7.244361877441406,-2.7283828258514404,28.017887115478516,-0.31164080846811715,-0.08673792321938643,9.10833416879417,-0.31164080846811715,-0.08673792321938643,9.10833416879417,0.0,0.0,0.0,1.0,0.0,0.0,0.0
12,1,244241920,503.0,281.05450439453125,45.08201599121094,-10.039292335510254,-3.8389081954956055,28.029224395751953,-0.31164080846811715,-0.08673792321938643,9.10833416879417,-0.31164080846811715,-0.08673792321938643,9.10833416879417,0.0,0.0,0.0,1.0,0.0,0.0,0.0
12,1,244241920,505.0,135.35513305664062,329.3200378417969,-6.096198081970215,1.5828851461410522,17.08727264404297,-0.31164080846811715,-0.08673792321938643,9.10833416879417,-0.31164080846811715,-0.08673792321938643,9.10833416879417,0.0,0.0,0.0,1.0,0.0,0.0,0.0
12,1,244241920,513.0,761.2582397460938,102.27320861816406,2.1748995780944824,-1.7904685735702515,24.060617446899414,-0.31164080846811715,-0.08673792321938643,9.10833416879417,-0.31164080846811715,-0.08673792321938643,9.10833416879417,0.0,0.0,0.0,1.0,0.0,0.0,0.0
12,1,244241920,516.0,449.7985534667969,180.15377807617188,-15.792102813720703,-0.568097710609436,66.74627685546875,-0.31164080846811715,-0.08673792321938643,9.10833416879417,-0.31164080846811715,-0.08673792321938643,9.10833416879417,0.0,0.0,0.0,1.0,0.0,0.0,0.0
12,1,244241920,524.0,393.66729736328125,166.986572265625,-13.817251205444336,-1.1191773414611816,47.78175735473633,-0.31164080846811715,-0.08673792321938643,9.10833416879417,-0.31164080846811715,-0.08673792321938643,9.10833416879417,0.0,0.0,0.0,1.0,0.0,0.0,0.0
12,1,244241920,526.0,736.7069702148438,14.103870391845703,1.711531400680542,-3.75879168510437,24.513578414916992,-0.31164080846811715,-0.08673792321938643,9.10833416879417,-0.31164080846811715,-0.08673792321938643,9.10833416879417,0.0,0.0,0.0,1.0,0.0,0.0,0.0
12,1,244241920,527.0,48.20671844482422,153.6273193359375,-12.768808364868164,-0.7360894680023193,23.664295196533203,-0.31164080846811715,-0.08673792321938643,9.10833416879417,-0.31164080846811715,-0.08673792321938643,9.10833416879417,0.0,0.0,0.0,1.0,0.0,0.0,0.0
12,1,244241920,536.0,542.4212646484375,361.4135437011719,-1.2100123167037964,1.5309338569641113,15.661642074584961,-0.31164080846811715,-0.08673792321938643,9.10833416879417,-0.31164080846811715,-0.08673792321938643,9.10833416879417,0.0,0.0,0.0,1.0,0.0,0.0,0.0
12,1,244241920,556.0,750.9427490234375,279.1994323730469,1.4982980489730835,1.444817066192627,21.028575897216797,-0.31164080846811715,-0.08673792321938643,9.10833416879417,-0.31164080846811715,-0.08673792321938643,9.10833416879417,0.0,0.0,0.0,1.0,0.0,0.0,0.0
12,1,244241920,558.0,983.3817749023438,313.8471374511719,2.4721884727478027,0.9377961158752441,15.084569931030273,-0.31164080846811715,-0.08673792321938643,9.10833416879417,-0.31164080846811715,-0.08673792321938643,9.10833416879417,0.0,0.0,0.0,1.0,0.0,0.0,0.0
12,1,244241920,563.0,500.50958251953125,282.866455078125,-2.5315299034118652,1.4289449453353882,20.40351676940918,-0.31164080846811715,-0.08673792321938643,9.10833416879417,-0.31164080846811715,-0.08673792321938643,9.10833416879417,0.0,0.0,0.0,1.0,0.0,0.0,0.0
12,1,244241920,564.0,830.704833984375,109.96064758300781,4.590797424316406,-2.0619640350341797,27.927501678466797,-0.31164080846811715,-0.08673792321938643,9.10833416879417,-0.31164080846811715,-0.08673792321938643,9.10833416879417,0.0,0.0,0.0,1.0,0.0,0.0,0.0
12,1,244241920,577.0,1185.447509765625,133.10601806640625,9.575196266174316,-1.0770238637924194,22.626264572143555,-0.31164080846811715,-0.08673792321938643,9.10833416879417,-0.31164080846811715,-0.08673792321938643,9.10833416879417,0.0,0.0,0.0,1.0,0.0,0.0,0.0
12,1,244241920,578.0,343.9099426269531,100.18984985351562,-9.457826614379883,-2.7085623741149902,30.807809829711914,-0.31164080846811715,-0.08673792321938643,9.10833416879417,-0.31164080846811715,-0.08673792321938643,9.10833416879417,0.0,0.0,0.0,1.0,0.0,0.0,0.0
12,1,244241920,585.0,1165.767578125,97.09617614746094,9.30990982055664,-1.752690315246582,22.75202751159668,-0.31164080846811715,-0.08673792321938643,9.10833416879417,-0.31164080846811715,-0.08673792321938643,9.10833416879417,0.0,0.0,0.0,1.0,0.0,0.0,0.0
12,1,244241920,586.0,324.949462890625,197.39178466796875,-7.699062347412109,0.20951172709465027,25.59711456298828,-0.31164080846811715,-0.08673792321938643,9.10833416879417,-0.31164080846811715,-0.08673792321938643,9.10833416879417,0.0,0.0,0.0,1.0,0.0,0.0,0.0
13,1,347979008,2.0,336.5168762207031,149.98117065429688,-9.829450607299805,-1.2307536602020264,31.829050064086914,-0.35042463801333723,-0.09224994499852796,9.931499858268422,-0.35042463801333723,-0.09224994499852796,9.931499858268422,0.0,0.0,0.0,1.0,0.0,0.0,0.0
13,1,347979008,4.0,649.5704956054688,173.6392059326172,0.28606176376342773,-1.1553775072097778,68.77220153808594,-0.35042463801333723,-0.09224994499852796,9.931499858268422,-0.35042463801333723,-0.09224994499852796,9.931499858268422,0.0,0.0,0.0,1.0,0.0,0.0,0.0
13,1,347979008,6.0,480.56146240234375,196.14474487304688,-8.218387603759766,0.3721272945404053,44.47254943847656,-0.35042463801333723,-0.09224994499852796,9.931499858268422,-0.35042463801333723,-0.09224994499852796,9.931499858268422,0.0,0.0,0.0,1.0,0.0,0.0,0.0
13,1,347979008,7.0,361.0453186035156,205.9933624267578,-7.563396453857422,0.4547971487045288,28.0739803314209,-0.35042463801333723,-0.09224994499852796,9.931499858268422,-0.35042463801333723,-0.09224994499852796,9.931499858268422,0.0,0.0,0.0,1.0,0.0,0.0,0.0
13,1,347979008,8.0,697.4885864257812,151.8251495361328,2.1361892223358154,-1.75182044506073,43.145652770996094,-0.35042463801333723,-0.09224994499852796,9.931499858268422,-0.35042463801333723,-0.09224994499852796,9.931499858268422,0.0,0.0,0.0,1.0,0.0,0.0,0.0
13,1,347979008,11.0,411.6217041015625,134.28173828125,-11.244780540466309,-2.5880205631256104,43.47931671142578,-0.35042463801333723,-0.09224994499852796,9.931499858268422,-0.35042463801333723,-0.09224994499852796,9.931499858268422,0.0,0.0,0.0,1.0,0.0,0.0,0.0
13,1,347979008,12.0,167.18414306640625,257.8870849609375,-9.51460075378418,1.2721656560897827,23.396034240722656,-0.35042463801333723,-0.09224994499852796,9.931499858268422,-0.35042463801333723,-0.09224994499852796,9.931499858268422,0.0,0.0,0.0,1.0,0.0,0.0,0.0
13,1,347979008,20.0,504.0080261230469,132.37045288085938,-18.726655960083008,-7.287194728851318,104.96479034423828,-0.35042463801333723,-0.09224994499852796,9.931499858268422,-0.35042463801333723,-0.09224994499852796,9.931499858268422,0.0,0.0,0.0,1.0,0.0,0.0,0.0
13,1,347979008,23.0,696.6415405273438,111.7347640991211,2.6141815185546875,-4.22948694229126,49.69132614135742,-0.35042463801333723,-0.09224994499852796,9.931499858268422,-0.35042463801333723,-0.09224994499852796,9.931499858268422,0.0,0.0,0.0,1.0,0.0,0.0,0.0
13,1,347979008,28.0,293.4642333984375,160.2027130126953,-13.146546363830566,-0.9782658815383911,35.77009582519531,-0.35042463801333723,-0.09224994499852796,9.931499858268422,-0.35042463801333723,-0.09224994499852796,9.931499858268422,0.0,0.0,0.0,1.0,0.0,0.0,0.0
13,1,347979008,37.0,296.1914978027344,250.36166381835938,-7.159364700317383,1.161553144454956,23.78664207458496,-0.35042463801333723,-0.09224994499852796,9.931499858268422,-0.35042463801333723,-0.09224994499852796,9.931499858268422,0.0,0.0,0.0,1.0,0.0,0.0,0.0
13,1,347979008,42.0,248.98104858398438,134.2158966064453,-13.424012184143066,-1.8349493741989136,33.26209259033203,-0.35042463801333723,-0.09224994499852796,9.931499858268422,-0.35042463801333723,-0.09224994499852796,9.931499858268422,0.0,0.0,0.0,1.0,0.0,0.0,0.0
13,1,347979008,43.0,173.0938262939453,136.5062255859375,-13.138830184936523,-1.4777607917785645,28.968996047973633,-0.35042463801333723,-0.09224994499852796,9.931499858268422,-0.35042463801333723,-0.09224994499852796,9.931499858268422,0.0,0.0,0.0,1.0,0.0,0.0,0.0
13,1,347979008,53.0,260.9023132324219,195.8192596435547,-12.986734390258789,0.3239477276802063,33.22366714477539,-0.35042463801333723,-0.09224994499852796,9.931499858268422,-0.35042463801333723,-0.09224994499852796,9.931499858268422,0.0,0.0,0.0,1.0,0.0,0.0,0.0
13,1,347979008,62.0,528.6138305664062,175.5102996826172,-16.42290687561035,-1.6785426139831543,111.32028198242188,-0.35042463801333723,-0.09224994499852796,9.931499858268422,-0.35042463801333723,-0.09224994499852796,9.931499858268422,0.0,0.0,0.0,1.0,0.0,0.0,0.0
13,1,347979008,65.0,96.03103637695312,242.95071411132812,-12.962565422058105,1.2117995023727417,25.969606399536133,-0.35042463801333723,-0.09224994499852796,9.931499858268422,-0.35042463801333723,-0.09224994499852796,9.931499858268422,0.0,0.0,0.0,1.0,0.0,0.0,0.0
13,1,347979008,70.0,613.850830078125,175.486328125,-6.2763566970825195,-2.429375171661377,160.58201599121094,-0.35042463801333723,-0.09224994499852796,9.931499858268422,-0.35042463801333723,-0.09224994499852796,9.931499858268422,0.0,0.0,0.0,1.0,0.0,0.0,0.0
13,1,347979008,73.0,145.4044647216797,338.17120361328125,-5.6474690437316895,1.5189259052276611,17.36455535888672,-0.35042463801333723,-0.09224994499852796,9.931499858268422,-0.35042463801333723,-0.09224994499852796,9.931499858268422,0.0,0.0,0.0,1.0,0.0,0.0,0.0
13,1,347979008,74.0,445.4505615234375,55.502681732177734,-6.809293746948242,-4.402493000030518,33.26338195800781,-0.35042463801333723,-0.09224994499852796,9.931499858268422,-0.35042463801333723,-0.09224994499852796,9.931499858268422,0.0,0.0,0.0,1.0,0.0,0.0,0.0
13,1,347979008,75.0,779.1806640625,40.19561004638672,1.9942914247512817,-2.664571523666382,22.58584213256836,-0.35042463801333723,-0.09224994499852796,9.931499858268422,-0.35042463801333723,-0.09224994499852796,9.931499858268422,0.0,0.0,0.0,1.0,0.0,0.0,0.0
13,1,347979008,77.0,621.8453369140625,89.72897338867188,-1.2751250267028809,-4.417168617248535,42.00968933105469,-0.35042463801333723,-0.09224994499852796,9.931499858268422,-0.35042463801333723,-0.09224994499852796,9.931499858268422,0.0,0.0,0.0,1.0,0.0,0.0,0.0
13,1,347979008,78.0,715.1121215820312,251.58316040039062,1.2300024032592773,1.2942601442337036,25.490983963012695,-0.35042463801333723,-0.09224994499852796,9.931499858268422,-0.35042463801333723,-0.09224994499852796,9.931499858268422,0.0,0.0,0.0,1.0,0.0,0.0,0.0
13,1,347979008,82.0,600.4353637695312,136.70083618164062,-4.610876083374023,-5.200134754180908,83.57308197021484,-0.35042463801333723,-0.09224994499852796,9.931499858268422,-0.35042463801333723,-0.09224994499852796,9.931499858268422,0.0,0.0,0.0,1.0,0.0,0.0,0.0
13,1,347979008,88.0,201.25352478027344,186.91600036621094,-13.311482429504395,-0.07940947264432907,30.508420944213867,-0.35042463801333723,-0.09224994499852796,9.931499858268422,-0.35042463801333723,-0.09224994499852796,9.931499858268422,0.0,0.0,0.0,1.0,0.0,0.0,0.0
13,1,347979008,89.0,112.24800109863281,189.0543975830078,-13.062702178955078,-0.03487136960029602,26.610151290893555,-0.35042463801333723,-0.09224994499852796,9.931499858268422,-0.35042463801333723,-0.09224994499852796,9.931499858268422,0.0,0.0,0.0,1.0,0.0,0.0,0.0
13,1,347979008,94.0,1097.4964599609375,237.1331024169922,2.8727614879608154,0.2630099356174469,15.207764625549316,-0.35042463801333723,-0.09224994499852796,9.931499858268422,-0.35042463801333723,-0.09224994499852796,9.931499858268422,0.0,0.0,0.0,1.0,0.0,0.0,0.0
13,1,347979008,98.0,476.5300598144531,29.969152450561523,-5.246281147003174,-4.7437262535095215,30.986112594604492,-0.35042463801333723,-0.09224994499852796,9.931499858268422,-0.35042463801333723,-0.09224994499852796,9.931499858268422,0.0,0.0,0.0,1.0,0.0,0.0,0.0
13,1,347979008,100.0,967.1117553710938,343.2209777832031,2.1165153980255127,1.1200295686721802,15.507742881774902,-0.35042463801333723,-0.09224994499852796,9.931499858268422,-0.35042463801333723,-0.09224994499852796,9.931499858268422,0.0,0.0,0.0,1.0,0.0,0.0,0.0
13,1,347979008,102.0,563.2319946289062,139.98179626464844,-10.907994270324707,-6.223290920257568,105.48287963867188,-0.35042463801333723,-0.09224994499852796,9.931499858268422,-0.35042463801333723,-0.09224994499852796,9.931499858268422,0.0,0.0,0.0,1.0,0.0,0.0,0.0
13,1,347979008,103.0,373.892578125,43.045326232910156,-7.1999711990356445,-3.760928153991699,27.97085952758789,-0.35042463801333723,-0.09224994499852796,9.931499858268422,-0.35042463801333723,-0.09224994499852796,9.931499858268422,0.0,0.0,0.0,1.0,0.0,0.0,0.0
13,1,347979008,108.0,328.8492126464844,56.42869567871094,-8.256585121154785,-3.3882498741149902,27.722976684570312,-0.35042463801333723,-0.09224994499852796,9.931499858268422,-0.35042463801333723,-0.09224994499852796,9.931499858268422,0.0,0.0,0.0,1.0,0.0,0.0,0.0
13,1,347979008,110.0,834.1113891601562,346.1208190917969,1.4651702642440796,1.4563820362091064,16.992719650268555,-0.35042463801333723,-0.09224994499852796,9.931499858268422,-0.35042463801333723,-0.09224994499852796,9.931499858268422,0.0,0.0,0.0,1.0,0.0,0.0,0.0
13,1,347979008,111.0,418.3927917480469,228.38108825683594,-6.805691719055176,1.1400127410888672,30.439502716064453,-0.35042463801333723,-0.09224994499852796,9.931499858268422,-0.35042463801333723,-0.09224994499852796,9.931499858268422,0.0,0.0,0.0,1.0,0.0,0.0,0.0
13,1,347979008,117.0,652.1597290039062,132.90377807617188,0.5210743546485901,-4.1030778884887695,65.1825180053711,-0.35042463801333723,-0.09224994499852796,9.931499858268422,-0.35042463801333723,-0.09224994499852796,9.931499858268422,0.0,0.0,0.0,1.0,0.0,0.0,0.0
13,1,347979008,157.0,798.5477294921875,196.43746948242188,2.5236926078796387,0.1055748388171196,23.36849021911621,-0.35042463801333723,-0.09224994499852796,9.931499858268422,-0.35042463801333723,-0.09224994499852796,9.931499858268422,0.0,0.0,0.0,1.0,0.0,0.0,0.0
13,1,347979008,166.0,432.1517333984375,101.06779479980469,-9.53658390045166,-3.815692663192749,40.961177825927734,-0.35042463801333723,-0.09224994499852796,9.931499858268422,-0.35042463801333723,-0.09224994499852796,9.931499858268422,0.0,0.0,0.0,1.0,0.0,0.0,0.0
13,1,347979008,175.0,629.8507690429688,241.71791076660156,-0.7214184999465942,1.3129571676254272,29.198650360107422,-0.35042463801333723,-0.09224994499852796,9.931499858268422,-0.35042463801333723,-0.09224994499852796,9.931499858268422,0.0,0.0,0.0,1.0,0.0,0.0,0.0
13,1,347979008,182.0,22.72538948059082,353.9926452636719,-6.509693622589111,1.5818967819213867,16.803722381591797,-0.35042463801333723,-0.09224994499852796,9.931499858268422,-0.35042463801333723,-0.09224994499852796,9.931499858268422,0.0,0.0,0.0,1.0,0.0,0.0,0.0
13,1,347979008,238.0,799.833984375,259.45684814453125,2.3369250297546387,1.0808944702148438,22.1919002532959,-0.35042463801333723,-0.09224994499852796,9.931499858268422,-0.35042463801333723,-0.09224994499852796,9.931499858268422,0.0,0.0,0.0,1.0,0.0,0.0,0.0
13,1,347979008,248.0,665.101806640625,80.84828186035156,0.4428996443748474,-3.6582913398742676,34.27024841308594,-0.35042463801333723,-0.09224994499852796,9.931499858268422,-0.35042463801333723,-0.09224994499852796,9.931499858268422,0.0,0.0,0.0,1.0,0.0,0.0,0.0
13,1,347979008,266.0,460.5221252441406,150.07833862304688,-11.885698318481445,-2.4646010398864746,55.17912292480469,-0.35042463801333723,-0.09224994499852796,9.931499858268422,-0.35042463801333723,-0.09224994499852796,9.931499858268422,0.0,0.0,0.0,1.0,0.0,0.0,0.0
13,1,347979008,267.0,624.5698852539062,45.40758514404297,-1.0306555032730103,-5.532183647155762,37.62534713745117,-0.35042463801333723,-0.09224994499852796,9.931499858268422,-0.35042463801333723,-0.09224994499852796,9.931499858268422,0.0,0.0,0.0,1.0,0.0,0.0,0.0
13,1,347979008,269.0,254.44171142578125,95.79654693603516,-13.479018211364746,-3.2118520736694336,33.71195983886719,-0.35042463801333723,-0.09224994499852796,9.931499858268422,-0.35042463801333723,-0.09224994499852796,9.931499858268422,0.0,0.0,0.0,1.0,0.0,0.0,0.0
13,1,347979008,282.0,441.8591003417969,288.486572265625,-3.318704843521118,1.4705122709274292,20.557716369628906,-0.35042463801333723,-0.09224994499852796,9.931499858268422,-0.35042463801333723,-0.09224994499852796,9.931499858268422,0.0,0.0,0.0,1.0,0.0,0.0,0.0
13,1,347979008,292.0,638.8960571289062,335.56005859375,-0.43070387840270996,1.4595025777816772,17.485519409179688,-0.35042463801333723,-0.09224994499852796,9.931499858268422,-0.35042463801333723,-0.09224994499852796,9.931499858268422,0.0,0.0,0.0,1.0,0.0,0.0,0.0
13,1,347979008,308.0,837.62841796875,156.1687774658203,4.780771255493164,-0.9766837358474731,29.100746154785156,-0.35042463801333723,-0.09224994499852796,9.931499858268422,-0.35042463801333723,-0.09224994499852796,9.931499858268422,0.0,0.0,0.0,1.0,0.0,0.0,0.0
13,1,347979008,330.0,555.3425903320312,299.97625732421875,-1.5766829252243042,1.4828706979751587,19.875608444213867,-0.35042463801333723,-0.09224994499852796,9.931499858268422,-0.35042463801333723,-0.09224994499852796,9.931499858268422,0.0,0.0,0.0,1.0,0.0,0.0,0.0
13,1,347979008,336.0,705.4282836914062,332.1560363769531,0.3518045246601105,1.4836548566818237,17.78657341003418,-0.35042463801333723,-0.09224994499852796,9.931499858268422,-0.35042463801333723,-0.09224994499852796,9.931499858268422,0.0,0.0,0.0,1.0,0.0,0.0,0.0
13,1,347979008,348.0,299.9599609375,21.930805206298828,-8.903996467590332,-4.164639472961426,27.482240676879883,-0.35042463801333723,-0.09224994499852796,9.931499858268422,-0.35042463801333723,-0.09224994499852796,9.931499858268422,0.0,0.0,0.0,1.0,0.0,0.0,0.0
13,1,347979008,380.0,195.5380859375,89.6554183959961,-13.379749298095703,-2.911007881164551,30.320688247680664,-0.35042463801333723,-0.09224994499852796,9.931499858268422,-0.35042463801333723,-0.09224994499852796,9.931499858268422,0.0,0.0,0.0,1.0,0.0,0.0,0.0
13,1,347979008,381.0,75.35819244384766,150.4991912841797,-12.726412773132324,-0.8625291585922241,25.07752799987793,-0.35042463801333723,-0.09224994499852796,9.931499858268422,-0.35042463801333723,-0.09224994499852796,9.931499858268422,0.0,0.0,0.0,1.0,0.0,0.0,0.0
13,1,347979008,385.0,229.2359161376953,34.44317626953125,-11.17176628112793,-4.051666736602783,28.280500411987305,-0.35042463801333723,-0.09224994499852796,9.931499858268422,-0.35042463801333723,-0.09224994499852796,9.931499858268422,0.0,0.0,0.0,1.0,0.0,0.0,0.0
13,1,347979008,393.0,405.81756591796875,12.561195373535156,-6.63913631439209,-4.7348313331604,28.775434494018555,-0.35042463801333723,-0.09224994499852796,9.931499858268422,-0.35042463801333723,-0.09224994499852796,9.931499858268422,0.0,0.0,0.0,1.0,0.0,0.0,0.0
13,1,347979008,394.0,527.5862426757812,237.39739990234375,-4.040373802185059,1.4872856140136719,32.76714324951172,-0.35042463801333723,-0.09224994499852796,9.931499858268422,-0.35042463801333723,-0.09224994499852796,9.931499858268422,0.0,0.0,0.0,1.0,0.0,0.0,0.0
13,1,347979008,422.0,478.8949890136719,92.30810546875,-8.480716705322266,-4.697539806365967,45.17502212524414,-0.35042463801333723,-0.09224994499852796,9.931499858268422,-0.35042463801333723,-0.09224994499852796,9.931499858268422,0.0,0.0,0.0,1.0,0.0,0.0,0.0
13,1,347979008,480.0,357.4130554199219,250.21038818359375,-7.922814846038818,1.6075259447097778,28.706218719482422,-0.35042463801333723,-0.09224994499852796,9.931499858268422,-0.35042463801333723,-0.09224994499852796,9.931499858268422,0.0,0.0,0.0,1.0,0.0,0.0,0.0
13,1,347979008,482.0,58.1373405456543,212.3106231689453,-12.985095977783203,0.46425747871398926,24.91957664489746,-0.35042463801333723,-0.09224994499852796,9.931499858268422,-0.35042463801333723,-0.09224994499852796,9.931499858268422,0.0,0.0,0.0,1.0,0.0,0.0,0.0
13,1,347979008,484.0,40.88425064086914,261.9886474609375,-12.772003173828125,1.4313288927078247,24.220727920532227,-0.35042463801333723,-0.09224994499852796,9.931499858268422,-0.35042463801333723,-0.09224994499852796,9.931499858268422,0.0,0.0,0.0,1.0,0.0,0.0,0.0
13,1,347979008,494.0,231.17750549316406,316.74163818359375,-5.682886600494385,1.57578444480896,19.00619888305664,-0.35042463801333723,-0.09224994499852796,9.931499858268422,-0.35042463801333723,-0.09224994499852796,9.931499858268422,0.0,0.0,0.0,1.0,0.0,0.0,0.0
13,1,347979008,502.0,373.0587463378906,82.32923126220703,-7.277041912078857,-2.7381398677825928,28.129270553588867,-0.35042463801333723,-0.09224994499852796,9.931499858268422,-0.35042463801333723,-0.09224994499852796,9.931499858268422,0.0,0.0,0.0,1.0,0.0,0.0,0.0
13,1,347979008,503.0,267.2774658203125,40.44195556640625,-10.02214527130127,-3.8291258811950684,27.99083137512207,-0.35042463801333723,-0.09224994499852796,9.931499858268422,-0.35042463801333723,-0.09224994499852796,9.931499858268422,0.0,0.0,0.0,1.0,0.0,0.0,0.0
13,1,347979008,505.0,84.69026184082031,347.6141357421875,-6.099542140960693,1.5860329866409302,17.097309112548828,-0.35042463801333723,-0.09224994499852796,9.931499858268422,-0.35042463801333723,-0.09224994499852796,9.931499858268422,0.0,0.0,0.0,1.0,0.0,0.0,0.0
13,1,347979008,516.0,448.9285888671875,181.17990112304688,-15.911853790283203,-0.5690812468528748,67.23548889160156,-0.35042463801333723,-0.09224994499852796,9.931499858268422,-0.35042463801333723,-0.09224994499852796,9.931499858268422,0.0,0.0,0.0,1.0,0.0,0.0,0.0
13,1,347979008,524.0,390.36016845703125,167.83041381835938,-13.840133666992188,-1.1182398796081543,47.86249923706055,-0.35042463801333723,-0.09224994499852796,9.931499858268422,-0.35042463801333723,-0.09224994499852796,9.931499858268422,0.0,0.0,0.0,1.0,0.0,0.0,0.0
13,1,347979008,526.0,744.8607788085938,4.53915548324585,1.7137285470962524,-3.7637839317321777,24.545162200927734,-0.35042463801333723,-0.09224994499852796,9.931499858268422,-0.35042463801333723,-0.09224994499852796,9.931499858268422,0.0,0.0,0.0,1.0,0.0,0.0,0.0
13,1,347979008,527.0,17.847414016723633,154.61495971679688,-12.783409118652344,-0.7341227531433105,23.689233779907227,-0.35042463801333723,-0.09224994499852796,9.931499858268422,-0.35042463801333723,-0.09224994499852796,9.931499858268422,0.0,0.0,0.0,1.0,0.0,0.0,0.0
13,1,347979008,556.0,763.7871704101562,286.7369384765625,1.5038882493972778,1.4505709409713745,21.08637237548828,-0.35042463801333723,-0.09224994499852796,9.931499858268422,-0.35042463801333723,-0.09224994499852796,9.931499858268422,0.0,0.0,0.0,1.0,0.0,0.0,0.0
13,1,347979008,558.0,1047.2962646484375,335.1002197265625,2.483548879623413,0.9427709579467773,15.133094787597656,-0.35042463801333723,-0.09224994499852796,9.931499858268422,-0.35042463801333723,-0.09224994499852796,9.931499858268422,0.0,0.0,0.0,1.0,0.0,0.0,0.0
13,1,347979008,563.0,493.7622985839844,292.44891357421875,-2.5256705284118652,1.4264922142028809,20.368154525756836,-0.35042463801333723,-0.09224994499852796,9.931499858268422,-0.35042463801333723,-0.09224994499852796,9.931499858268422,0.0,0.0,0.0,1.0,0.0,0.0,0.0
13,1,347979008,564.0,842.2830200195312,106.43209838867188,4.598840713500977,-2.0652873516082764,27.96879005432129,-0.35042463801333723,-0.09224994499852796,9.931499858268422,-0.35042463801333723,-0.09224994499852796,9.931499858268422,0.0,0.0,0.0,1.0,0.0,0.0,0.0
13,1,347979008,577.0,1226.627197265625,128.31170654296875,9.597809791564941,-1.0801191329956055,22.668392181396484,-0.35042463801333723,-0.09224994499852796,9.931499858268422,-0.35042463801333723,-0.09224994499852796,9.931499858268422,0.0,0.0,0.0,1.0,0.0,0.0,0.0
13,1,347979008,585.0,1205.0155029296875,89.98136138916016,9.33143424987793,-1.7572883367538452,22.79378318786621,-0.35042463801333723,-0.09224994499852796,9.931499858268422,-0.35042463801333723,-0.09224994499852796,9.931499858268422,0.0,0.0,0.0,1.0,0.0,0.0,0.0
13,1,347979008,586.0,311.6395568847656,199.38063049316406,-7.697961330413818,0.2109917551279068,25.597625732421875,-0.35042463801333723,-0.09224994499852796,9.931499858268422,-0.35042463801333723,-0.09224994499852796,9.931499858268422,0.0,0.0,0.0,1.0,0.0,0.0,0.0
13,1,347979008,651.0,496.41290283203125,165.2943878173828,-14.632367134094238,-2.154218912124634,79.87529754638672,-0.35042463801333723,-0.09224994499852796,9.931499858268422,-0.35042463801333723,-0.09224994499852796,9.931499858268422,0.0,0.0,0.0,1.0,0.0,0.0,0.0
13,1,347979008,653.0,376.97613525390625,120.26876068115234,-14.772217750549316,-3.6817264556884766,48.5123291015625,-0.35042463801333723,-0.09224994499852796,9.931499858268422,-0.35042463801333723,-0.09224994499852796,9.931499858268422,0.0,0.0,0.0,1.0,0.0,0.0,0.0
13,1,347979008,664.0,177.92953491210938,54.84145736694336,-13.194804191589355,-3.813944101333618,29.292898178100586,-0.35042463801333723,-0.09224994499852796,9.931499858268422,-0.35042463801333723,-0.09224994499852796,9.931499858268422,0.0,0.0,0.0,1.0,0.0,0.0,0.0
13,1,347979008,665.0,285.10540771484375,126.38310241699219,-12.269420623779297,-2.0627710819244385,33.394412994384766,-0.35042463801333723,-0.09224994499852796,9.931499858268422,-0.35042463801333723,-0.09224994499852796,9.931499858268422,0.0,0.0,0.0,1.0,0.0,0.0,0.0
13,1,347979008,669.0,234.63522338867188,166.9383544921875,-13.226009368896484,-0.7289221286773682,32.08594512939453,-0.35042463801333723,-0.09224994499852796,9.931499858268422,-0.35042463801333723,-0.09224994499852796,9.931499858268422,0.0,0.0,0.0,1.0,0.0,0.0,0.0
13,1,347979008,672.0,695.8158569335938,58.36083221435547,1.4259984493255615,-4.365799903869629,33.95817565917969,-0.35042463801333723,-0.09224994499852796,9.931499858268422,-0.35042463801333723,-0.09224994499852796,9.931499858268422,0.0,0.0,0.0,1.0,0.0,0.0,0.0
13,1,347979008,677.0,132.2724609375,255.72335815429688,-10.440750122070312,1.3273882865905762,23.729719161987305,-0.35042463801333723,-0.09224994499852796,9.931499858268422,-0.35042463801333723,-0.09224994499852796,9.931499858268422,0.0,0.0,0.0,1.0,0.0,0.0,0.0
13,1,347979008,682.0,410.7811279296875,193.22434997558594,-10.37340259552002,0.18411755561828613,40.69709777832031,-0.35042463801333723,-0.09224994499852796,9.931499858268422,-0.35042463801333723,-0.09224994499852796,9.931499858268422,0.0,0.0,0.0,1.0,0.0,0.0,0.0
13,1,347979008,688.0,664.5718383789062,244.3282012939453,0.19619503617286682,1.3042796850204468,27.377532958984375,-0.35042463801333723,-0.09224994499852796,9.931499858268422,-0.35042463801333723,-0.09224994499852796,9.931499858268422,0.0,0.0,0.0,1.0,0.0,0.0,0.0
13,1,347979008,690.0,405.8904724121094,61.75428009033203,-6.520883083343506,-3.3383398056030273,28.420307159423828,-0.35042463801333723,-0.09224994499852796,9.931499858268422,-0.35042463801333723,-0.09224994499852796,9.931499858268422,0.0,0.0,0.0,1.0,0.0,0.0,0.0
13,1,347979008,692.0,568.4876098632812,183.135986328125,-249.42056274414062,-12.33324909210205,2442.168212890625,-0.35042463801333723,-0.09224994499852796,9.931499858268422,-0.35042463801333723,-0.09224994499852796,9.931499858268422,0.0,0.0,0.0,1.0,0.0,0.0,0.0
13,1,347979008,709.0,107.47359466552734,69.35215759277344,-13.088217735290527,-2.882225513458252,26.488412857055664,-0.35042463801333723,-0.09224994499852796,9.931499858268422,-0.35042463801333723,-0.09224994499852796,9.931499858268422,0.0,0.0,0.0,1.0,0.0,0.0,0.0
13,1,347979008,719.0,963.9246826171875,139.98001098632812,5.1710124015808105,-0.9013704061508179,22.57672691345215,-0.35042463801333723,-0.09224994499852796,9.931499858268422,-0.35042463801333723,-0.09224994499852796,9.931499858268422,0.0,0.0,0.0,1.0,0.0,0.0,0.0
13,1,347979008,725.0,707.0870971679688,12.856966018676758,0.8387020230293274,-3.342392921447754,23.460670471191406,-0.35042463801333723,-0.09224994499852796,9.931499858268422,-0.35042463801333723,-0.09224994499852796,9.931499858268422,0.0,0.0,0.0,1.0,0.0,0.0,0.0
13,1,347979008,743.0,816.7725219726562,56.54115676879883,2.7137179374694824,-2.377352476119995,22.702659606933594,-0.35042463801333723,-0.09224994499852796,9.931499858268422,-0.35042463801333723,-0.09224994499852796,9.931499858268422,0.0,0.0,0.0,1.0,0.0,0.0,0.0
13,1,347979008,748.0,570.8170166015625,258.9876708984375,-1.8295295238494873,1.4178935289382935,24.8088321685791,-0.35042463801333723,-0.09224994499852796,9.931499858268422,-0.35042463801333723,-0.09224994499852796,9.931499858268422,0.0,0.0,0.0,1.0,0.0,0.0,0.0
13,1,347979008,754.0,1106.11181640625,327.65234375,2.7949259281158447,0.8734989166259766,14.994415283203125,-0.35042463801333723,-0.09224994499852796,9.931499858268422,-0.35042463801333723,-0.09224994499852796,9.931499858268422,0.0,0.0,0.0,1.0,0.0,0.0,0.0
14,1,451595776,2.0,326.879638671875,148.3512725830078,-9.767681121826172,-1.218562364578247,31.660795211791992,-0.39995343899184194,-0.10373328372796761,10.780122729666747,-0.39995343899184194,-0.10373328372796761,10.780122729666747,0.0,0.0,0.0,1.0,0.0,0.0,0.0
14,1,451595776,4.0,651.6312866210938,172.945556640625,0.3112282454967499,-1.1998664140701294,70.71587371826172,-0.39995343899184194,-0.10373328372796761,10.780122729666747,-0.39995343899184194,-0.10373328372796761,10.780122729666747,0.0,0.0,0.0,1.0,0.0,0.0,0.0
14,1,451595776,6.0,479.5921630859375,195.9702911376953,-8.488541603088379,0.3884841501712799,45.890655517578125,-0.39995343899184194,-0.10373328372796761,10.780122729666747,-0.39995343899184194,-0.10373328372796761,10.780122729666747,0.0,0.0,0.0,1.0,0.0,0.0,0.0
14,1,451595776,7.0,351.3559875488281,206.59793090820312,-7.59621524810791,0.45566418766975403,28.17887306213379,-0.39995343899184194,-0.10373328372796761,10.780122729666747,-0.39995343899184194,-0.10373328372796761,10.780122729666747,0.0,0.0,0.0,1.0,0.0,0.0,0.0
14,1,451595776,8.0,701.64892578125,150.40699768066406,2.0742595195770264,-1.6887595653533936,41.986331939697266,-0.39995343899184194,-0.10373328372796761,10.780122729666747,-0.39995343899184194,-0.10373328372796761,10.780122729666747,0.0,0.0,0.0,1.0,0.0,0.0,0.0
14,1,451595776,11.0,408.2582092285156,132.60748291015625,-11.213506698608398,-2.5778989791870117,43.39321517944336,-0.39995343899184194,-0.10373328372796761,10.780122729666747,-0.39995343899184194,-0.10373328372796761,10.780122729666747,0.0,0.0,0.0,1.0,0.0,0.0,0.0
14,1,451595776,12.0,141.14039611816406,262.38916015625,-9.524051666259766,1.2753021717071533,23.42460060119629,-0.39995343899184194,-0.10373328372796761,10.780122729666747,-0.39995343899184194,-0.10373328372796761,10.780122729666747,0.0,0.0,0.0,1.0,0.0,0.0,0.0
14,1,451595776,20.0,504.6328430175781,131.35423278808594,-18.906503677368164,-7.356368064880371,105.9516372680664,-0.39995343899184194,-0.10373328372796761,10.780122729666747,-0.39995343899184194,-0.10373328372796761,10.780122729666747,0.0,0.0,0.0,1.0,0.0,0.0,0.0
14,1,451595776,23.0,700.6497802734375,109.99144744873047,2.5827248096466064,-4.180514812469482,49.11555862426758,-0.39995343899184194,-0.10373328372796761,10.780122729666747,-0.39995343899184194,-0.10373328372796761,10.780122729666747,0.0,0.0,0.0,1.0,0.0,0.0,0.0
14,1,451595776,28.0,284.7856750488281,158.94839477539062,-13.168641090393066,-0.9744815230369568,35.83591079711914,-0.39995343899184194,-0.10373328372796761,10.780122729666747,-0.39995343899184194,-0.10373328372796761,10.780122729666747,0.0,0.0,0.0,1.0,0.0,0.0,0.0
14,1,451595776,37.0,278.6927795410156,254.17214965820312,-7.171575546264648,1.1676384210586548,23.827882766723633,-0.39995343899184194,-0.10373328372796761,10.780122729666747,-0.39995343899184194,-0.10373328372796761,10.780122729666747,0.0,0.0,0.0,1.0,0.0,0.0,0.0
14,1,451595776,42.0,237.7550048828125,132.1361083984375,-13.416765213012695,-1.8303786516189575,33.26512145996094,-0.39995343899184194,-0.10373328372796761,10.780122729666747,-0.39995343899184194,-0.10373328372796761,10.780122729666747,0.0,0.0,0.0,1.0,0.0,0.0,0.0
14,1,451595776,43.0,155.28732299804688,133.93939208984375,-13.115216255187988,-1.466859221458435,28.9332218170166,-0.39995343899184194,-0.10373328372796761,10.780122729666747,-0.39995343899184194,-0.10373328372796761,10.780122729666747,0.0,0.0,0.0,1.0,0.0,0.0,0.0
14,1,451595776,53.0,250.292724609375,195.89654541015625,-12.990548133850098,0.32798123359680176,33.24739074707031,-0.39995343899184194,-0.10373328372796761,10.780122729666747,-0.39995343899184194,-0.10373328372796761,10.780122729666747,0.0,0.0,0.0,1.0,0.0,0.0,0.0
14,1,451595776,62.0,529.4458618164062,174.82606506347656,-16.380903244018555,-1.6553488969802856,111.1849136352539,-0.39995343899184194,-0.10373328372796761,10.780122729666747,-0.39995343899184194,-0.10373328372796761,10.780122729666747,0.0,0.0,0.0,1.0,0.0,0.0,0.0
14,1,451595776,65.0,71.23696899414062,245.66697692871094,-12.971932411193848,1.2203874588012695,25.99295425415039,-0.39995343899184194,-0.10373328372796761,10.780122729666747,-0.39995343899184194,-0.10373328372796761,10.780122729666747,0.0,0.0,0.0,1.0,0.0,0.0,0.0
14,1,451595776,70.0,615.4647216796875,174.8201904296875,-6.388160228729248,-2.4895594120025635,164.93800354003906,-0.39995343899184194,-0.10373328372796761,10.780122729666747,-0.39995343899184194,-0.10373328372796761,10.780122729666747,0.0,0.0,0.0,1.0,0.0,0.0,0.0
14,1,451595776,73.0,90.8327407836914,356.88421630859375,-5.643673419952393,1.5202809572219849,17.362194061279297,-0.39995343899184194,-0.10373328372796761,10.780122729666747,-0.39995343899184194,-0.10373328372796761,10.780122729666747,0.0,0.0,0.0,1.0,0.0,0.0,0.0
14,1,451595776,74.0,441.0204162597656,50.20832061767578,-6.791153907775879,-4.387141704559326,33.2013053894043,-0.39995343899184194,-0.10373328372796761,10.780122729666747,-0.39995343899184194,-0.10373328372796761,10.780122729666747,0.0,0.0,0.0,1.0,0.0,0.0,0.0
14,1,451595776,75.0,793.9342651367188,28.879850387573242,1.9779874086380005,-2.647270679473877,22.45379638671875,-0.39995343899184194,-0.10373328372796761,10.780122729666747,-0.39995343899184194,-0.10373328372796761,10.780122729666747,0.0,0.0,0.0,1.0,0.0,0.0,0.0
14,1,451595776,77.0,623.7939453125,86.4889907836914,-1.2488083839416504,-4.3575544357299805,41.50993728637695,-0.39995343899184194,-0.10373328372796761,10.780122729666747,-0.39995343899184194,-0.10373328372796761,10.780122729666747,0.0,0.0,0.0,1.0,0.0,0.0,0.0
14,1,451595776,78.0,722.89990234375,255.02760314941406,1.2365787029266357,1.3050352334976196,25.629892349243164,-0.39995343899184194,-0.10373328372796761,10.780122729666747,-0.39995343899184194,-0.10373328372796761,10.780122729666747,0.0,0.0,0.0,1.0,0.0,0.0,0.0
14,1,451595776,82.0,601.900634765625,135.62948608398438,-4.543379306793213,-5.133790016174316,82.69051361083984,-0.39995343899184194,-0.10373328372796761,10.780122729666747,-0.39995343899184194,-0.10373328372796761,10.780122729666747,0.0,0.0,0.0,1.0,0.0,0.0,0.0
14,1,451595776,88.0,186.1334686279297,186.7833709716797,-13.266731262207031,-0.07612664252519608,30.425153732299805,-0.39995343899184194,-0.10373328372796761,10.780122729666747,-0.39995343899184194,-0.10373328372796761,10.780122729666747,0.0,0.0,0.0,1.0,0.0,0.0,0.0
14,1,451595776,89.0,88.84856414794922,189.08209228515625,-13.050926208496094,-0.03153090178966522,26.598913192749023,-0.39995343899184194,-0.10373328372796761,10.780122729666747,-0.39995343899184194,-0.10373328372796761,10.780122729666747,0.0,0.0,0.0,1.0,0.0,0.0,0.0
14,1,451595776,94.0,1196.5496826171875,247.5680389404297,2.877749443054199,0.2633335590362549,15.224092483520508,-0.39995343899184194,-0.10373328372796761,10.780122729666747,-0.39995343899184194,-0.10373328372796761,10.780122729666747,0.0,0.0,0.0,1.0,0.0,0.0,0.0
14,1,451595776,98.0,472.5626220703125,23.43227767944336,-5.260372638702393,-4.754977226257324,31.0604248046875,-0.39995343899184194,-0.10373328372796761,10.780122729666747,-0.39995343899184194,-0.10373328372796761,10.780122729666747,0.0,0.0,0.0,1.0,0.0,0.0,0.0
14,1,451595776,102.0,564.2984008789062,139.11972045898438,-10.90531063079834,-6.2262959480285645,105.59329986572266,-0.39995343899184194,-0.10373328372796761,10.780122729666747,-0.39995343899184194,-0.10373328372796761,10.780122729666747,0.0,0.0,0.0,1.0,0.0,0.0,0.0
14,1,451595776,103.0,364.23541259765625,35.89898681640625,-7.194685459136963,-3.7554569244384766,27.95548439025879,-0.39995343899184194,-0.10373328372796761,10.780122729666747,-0.39995343899184194,-0.10373328372796761,10.780122729666747,0.0,0.0,0.0,1.0,0.0,0.0,0.0
14,1,451595776,108.0,317.0538635253906,49.86749267578125,-8.264701843261719,-3.3862926959991455,27.742067337036133,-0.39995343899184194,-0.10373328372796761,10.780122729666747,-0.39995343899184194,-0.10373328372796761,10.780122729666747,0.0,0.0,0.0,1.0,0.0,0.0,0.0
14,1,451595776,111.0,412.0357971191406,229.68150329589844,-6.772208213806152,1.1368012428283691,30.349695205688477,-0.39995343899184194,-0.10373328372796761,10.780122729666747,-0.39995343899184194,-0.10373328372796761,10.780122729666747,0.0,0.0,0.0,1.0,0.0,0.0,0.0
14,1,451595776,117.0,654.2459716796875,131.46649169921875,0.5282049179077148,-4.120629787445068,65.24152374267578,-0.39995343899184194,-0.10373328372796761,10.780122729666747,-0.39995343899184194,-0.10373328372796761,10.780122729666747,0.0,0.0,0.0,1.0,0.0,0.0,0.0
14,1,451595776,157.0,813.5449829101562,196.97186279296875,2.515425443649292,0.10038395971059799,23.315540313720703,-0.39995343899184194,-0.10373328372796761,10.780122729666747,-0.39995343899184194,-0.10373328372796761,10.780122729666747,0.0,0.0,0.0,1.0,0.0,0.0,0.0
14,1,451595776,166.0,428.8294677734375,98.34127807617188,-9.536277770996094,-3.8195767402648926,41.02053451538086,-0.39995343899184194,-0.10373328372796761,10.780122729666747,-0.39995343899184194,-0.10373328372796761,10.780122729666747,0.0,0.0,0.0,1.0,0.0,0.0,0.0
14,1,451595776,175.0,632.9381103515625,244.34925842285156,-0.702149510383606,1.293773889541626,28.704118728637695,-0.39995343899184194,-0.10373328372796761,10.780122729666747,-0.39995343899184194,-0.10373328372796761,10.780122729666747,0.0,0.0,0.0,1.0,0.0,0.0,0.0
14,1,451595776,238.0,815.8076782226562,264.59649658203125,2.3460187911987305,1.0938291549682617,22.280656814575195,-0.39995343899184194,-0.10373328372796761,10.780122729666747,-0.39995343899184194,-0.10373328372796761,10.780122729666747,0.0,0.0,0.0,1.0,0.0,0.0,0.0
14,1,451595776,248.0,668.646484375,76.69063568115234,0.43822717666625977,-3.6379544734954834,34.076255798339844,-0.39995343899184194,-0.10373328372796761,10.780122729666747,-0.39995343899184194,-0.10373328372796761,10.780122729666747,0.0,0.0,0.0,1.0,0.0,0.0,0.0
14,1,451595776,266.0,459.470947265625,149.1234588623047,-11.942994117736816,-2.470865488052368,55.44056701660156,-0.39995343899184194,-0.10373328372796761,10.780122729666747,-0.39995343899184194,-0.10373328372796761,10.780122729666747,0.0,0.0,0.0,1.0,0.0,0.0,0.0
14,1,451595776,267.0,626.68115234375,40.65470504760742,-1.0218645334243774,-5.509466171264648,37.50743865966797,-0.39995343899184194,-0.10373328372796761,10.780122729666747,-0.39995343899184194,-0.10373328372796761,10.780122729666747,0.0,0.0,0.0,1.0,0.0,0.0,0.0
14,1,451595776,269.0,243.66897583007812,92.43346405029297,-13.484624862670898,-3.2045836448669434,33.735252380371094,-0.39995343899184194,-0.10373328372796761,10.780122729666747,-0.39995343899184194,-0.10373328372796761,10.780122729666747,0.0,0.0,0.0,1.0,0.0,0.0,0.0
14,1,451595776,282.0,429.603759765625,296.7098693847656,-3.323866844177246,1.473413109779358,20.588546752929688,-0.39995343899184194,-0.10373328372796761,10.780122729666747,-0.39995343899184194,-0.10373328372796761,10.780122729666747,0.0,0.0,0.0,1.0,0.0,0.0,0.0
14,1,451595776,292.0,644.8897094726562,354.7527160644531,-0.42561137676239014,1.4590468406677246,17.483739852905273,-0.39995343899184194,-0.10373328372796761,10.780122729666747,-0.39995343899184194,-0.10373328372796761,10.780122729666747,0.0,0.0,0.0,1.0,0.0,0.0,0.0
14,1,451595776,308.0,850.5196533203125,154.57647705078125,4.800346851348877,-0.9725396633148193,29.20533561706543,-0.39995343899184194,-0.10373328372796761,10.780122729666747,-0.39995343899184194,-0.10373328372796761,10.780122729666747,0.0,0.0,0.0,1.0,0.0,0.0,0.0
14,1,451595776,330.0,552.425537109375,310.82940673828125,-1.5720618963241577,1.475215196609497,19.86713409423828,-0.39995343899184194,-0.10373328372796761,10.780122729666747,-0.39995343899184194,-0.10373328372796761,10.780122729666747,0.0,0.0,0.0,1.0,0.0,0.0,0.0
14,1,451595776,336.0,719.2520141601562,350.5212097167969,0.35090234875679016,1.488029956817627,17.808549880981445,-0.39995343899184194,-0.10373328372796761,10.780122729666747,-0.39995343899184194,-0.10373328372796761,10.780122729666747,0.0,0.0,0.0,1.0,0.0,0.0,0.0
14,1,451595776,348.0,286.4953308105469,13.409085273742676,-8.895380020141602,-4.163614749908447,27.450624465942383,-0.39995343899184194,-0.10373328372796761,10.780122729666747,-0.39995343899184194,-0.10373328372796761,10.780122729666747,0.0,0.0,0.0,1.0,0.0,0.0,0.0
14,1,451595776,380.0,180.18319702148438,85.45429992675781,-13.374993324279785,-2.9118714332580566,30.310922622680664,-0.39995343899184194,-0.10373328372796761,10.780122729666747,-0.39995343899184194,-0.10373328372796761,10.780122729666747,0.0,0.0,0.0,1.0,0.0,0.0,0.0
14,1,451595776,381.0,47.08110046386719,148.1683349609375,-12.718975067138672,-0.8634461760520935,25.064006805419922,-0.39995343899184194,-0.10373328372796761,10.780122729666747,-0.39995343899184194,-0.10373328372796761,10.780122729666747,0.0,0.0,0.0,1.0,0.0,0.0,0.0
14,1,451595776,385.0,213.68995666503906,27.310230255126953,-11.187591552734375,-4.058858871459961,28.31636619567871,-0.39995343899184194,-0.10373328372796761,10.780122729666747,-0.39995343899184194,-0.10373328372796761,10.780122729666747,0.0,0.0,0.0,1.0,0.0,0.0,0.0
14,1,451595776,393.0,397.91375732421875,4.262535095214844,-6.637627601623535,-4.734755992889404,28.7680721282959,-0.39995343899184194,-0.10373328372796761,10.780122729666747,-0.39995343899184194,-0.10373328372796761,10.780122729666747,0.0,0.0,0.0,1.0,0.0,0.0,0.0
14,1,451595776,394.0,525.5839233398438,239.58203125,-3.989593744277954,1.4662717580795288,32.38075637817383,-0.39995343899184194,-0.10373328372796761,10.780122729666747,-0.39995343899184194,-0.10373328372796761,10.780122729666747,0.0,0.0,0.0,1.0,0.0,0.0,0.0
14,1,451595776,422.0,477.1685791015625,89.6181640625,-8.455673217773438,-4.687404155731201,45.05287170410156,-0.39995343899184194,-0.10373328372796761,10.780122729666747,-0.39995343899184194,-0.10373328372796761,10.780122729666747,0.0,0.0,0.0,1.0,0.0,0.0,0.0
14,1,451595776,480.0,347.6057434082031,252.90455627441406,-7.923272132873535,1.6063880920410156,28.707048416137695,-0.39995343899184194,-0.10373328372796761,10.780122729666747,-0.39995343899184194,-0.10373328372796761,10.780122729666747,0.0,0.0,0.0,1.0,0.0,0.0,0.0
14,1,451595776,482.0,28.87932014465332,213.69241333007812,-12.990866661071777,0.46399813890457153,24.92915153503418,-0.39995343899184194,-0.10373328372796761,10.780122729666747,-0.39995343899184194,-0.10373328372796761,10.780122729666747,0.0,0.0,0.0,1.0,0.0,0.0,0.0
14,1,451595776,484.0,9.346681594848633,266.5492858886719,-12.778340339660645,1.431549072265625,24.231138229370117,-0.39995343899184194,-0.10373328372796761,10.780122729666747,-0.39995343899184194,-0.10373328372796761,10.780122729666747,0.0,0.0,0.0,1.0,0.0,0.0,0.0
14,1,451595776,494.0,195.71826171875,329.9864807128906,-5.684321403503418,1.5755356550216675,19.007705688476562,-0.39995343899184194,-0.10373328372796761,10.780122729666747,-0.39995343899184194,-0.10373328372796761,10.780122729666747,0.0,0.0,0.0,1.0,0.0,0.0,0.0
14,1,451595776,502.0,363.9125061035156,77.49947357177734,-7.312442302703857,-2.7521426677703857,28.244665145874023,-0.39995343899184194,-0.10373328372796761,10.780122729666747,-0.39995343899184194,-0.10373328372796761,10.780122729666747,0.0,0.0,0.0,1.0,0.0,0.0,0.0
14,1,451595776,503.0,252.1811065673828,33.375343322753906,-9.992488861083984,-3.8182239532470703,27.918874740600586,-0.39995343899184194,-0.10373328372796761,10.780122729666747,-0.39995343899184194,-0.10373328372796761,10.780122729666747,0.0,0.0,0.0,1.0,0.0,0.0,0.0
14,1,451595776,505.0,20.914257049560547,367.89892578125,-6.102640151977539,1.5864049196243286,17.102134704589844,-0.39995343899184194,-0.10373328372796761,10.780122729666747,-0.39995343899184194,-0.10373328372796761,10.780122729666747,0.0,0.0,0.0,1.0,0.0,0.0,0.0
14,1,451595776,516.0,448.2715148925781,180.75938415527344,-15.919757843017578,-0.5743353962898254,67.27889251708984,-0.39995343899184194,-0.10373328372796761,10.780122729666747,-0.39995343899184194,-0.10373328372796761,10.780122729666747,0.0,0.0,0.0,1.0,0.0,0.0,0.0
14,1,451595776,524.0,387.0904235839844,167.1429443359375,-13.803078651428223,-1.1185052394866943,47.75136947631836,-0.39995343899184194,-0.10373328372796761,10.780122729666747,-0.39995343899184194,-0.10373328372796761,10.780122729666747,0.0,0.0,0.0,1.0,0.0,0.0,0.0
14,1,451595776,556.0,778.857666015625,295.2620544433594,1.5006864070892334,1.448232889175415,21.07253646850586,-0.39995343899184194,-0.10373328372796761,10.780122729666747,-0.39995343899184194,-0.10373328372796761,10.780122729666747,0.0,0.0,0.0,1.0,0.0,0.0,0.0
14,1,451595776,558.0,1136.7923583984375,365.398193359375,2.4839510917663574,0.9433513879776001,15.14421558380127,-0.39995343899184194,-0.10373328372796761,10.780122729666747,-0.39995343899184194,-0.10373328372796761,10.780122729666747,0.0,0.0,0.0,1.0,0.0,0.0,0.0
14,1,451595776,563.0,486.2294921875,302.57733154296875,-2.5265307426452637,1.4251806735992432,20.364316940307617,-0.39995343899184194,-0.10373328372796761,10.780122729666747,-0.39995343899184194,-0.10373328372796761,10.780122729666747,0.0,0.0,0.0,1.0,0.0,0.0,0.0
14,1,451595776,564.0,855.6692504882812,102.1822738647461,4.6036057472229,-2.0694327354431152,27.997848510742188,-0.39995343899184194,-0.10373328372796761,10.780122729666747,-0.39995343899184194,-0.10373328372796761,10.780122729666747,0.0,0.0,0.0,1.0,0.0,0.0,0.0
14,1,451595776,586.0,296.7998962402344,199.66845703125,-7.6982831954956055,0.20921142399311066,25.596458435058594,-0.39995343899184194,-0.10373328372796761,10.780122729666747,-0.39995343899184194,-0.10373328372796761,10.780122729666747,0.0,0.0,0.0,1.0,0.0,0.0,0.0
14,1,451595776,651.0,496.54449462890625,164.40805053710938,-14.391876220703125,-2.1252081394195557,78.72693634033203,-0.39995343899184194,-0.10373328372796761,10.780122729666747,-0.39995343899184194,-0.10373328372796761,10.780122729666747,0.0,0.0,0.0,1.0,0.0,0.0,0.0
14,1,451595776,653.0,373.36895751953125,118.5527114868164,-14.739086151123047,-3.675976037979126,48.43113327026367,-0.39995343899184194,-0.10373328372796761,10.780122729666747,-0.39995343899184194,-0.10373328372796761,10.780122729666747,0.0,0.0,0.0,1.0,0.0,0.0,0.0
14,1,451595776,664.0,161.4976348876953,49.39033508300781,-13.25282096862793,-3.830728054046631,29.390865325927734,-0.39995343899184194,-0.10373328372796761,10.780122729666747,-0.39995343899184194,-0.10373328372796761,10.780122729666747,0.0,0.0,0.0,1.0,0.0,0.0,0.0
14,1,451595776,665.0,275.2679443359375,123.67779541015625,-12.282198905944824,-2.0660147666931152,33.424190521240234,-0.39995343899184194,-0.10373328372796761,10.780122729666747,-0.39995343899184194,-0.10373328372796761,10.780122729666747,0.0,0.0,0.0,1.0,0.0,0.0,0.0
14,1,451595776,669.0,222.28875732421875,166.16445922851562,-13.231974601745605,-0.7301378846168518,32.10009002685547,-0.39995343899184194,-0.10373328372796761,10.780122729666747,-0.39995343899184194,-0.10373328372796761,10.780122729666747,0.0,0.0,0.0,1.0,0.0,0.0,0.0
14,1,451595776,672.0,700.5948486328125,53.352447509765625,1.4321630001068115,-4.3902692794799805,34.08066177368164,-0.39995343899184194,-0.10373328372796761,10.780122729666747,-0.39995343899184194,-0.10373328372796761,10.780122729666747,0.0,0.0,0.0,1.0,0.0,0.0,0.0
14,1,451595776,677.0,104.778076171875,258.5804443359375,-10.494160652160645,1.3332964181900024,23.814603805541992,-0.39995343899184194,-0.10373328372796761,10.780122729666747,-0.39995343899184194,-0.10373328372796761,10.780122729666747,0.0,0.0,0.0,1.0,0.0,0.0,0.0
14,1,451595776,682.0,406.65423583984375,193.03878784179688,-10.385847091674805,0.18213579058647156,40.74679183959961,-0.39995343899184194,-0.10373328372796761,10.780122729666747,-0.39995343899184194,-0.10373328372796761,10.780122729666747,0.0,0.0,0.0,1.0,0.0,0.0,0.0
14,1,451595776,688.0,668.90625,246.98739624023438,0.19490963220596313,1.302193284034729,27.405061721801758,-0.39995343899184194,-0.10373328372796761,10.780122729666747,-0.39995343899184194,-0.10373328372796761,10.780122729666747,0.0,0.0,0.0,1.0,0.0,0.0,0.0
14,1,451595776,690.0,398.1428527832031,55.62065124511719,-6.528358459472656,-3.343144178390503,28.439119338989258,-0.39995343899184194,-0.10373328372796761,10.780122729666747,-0.39995343899184194,-0.10373328372796761,10.780122729666747,0.0,0.0,0.0,1.0,0.0,0.0,0.0
14,1,451595776,692.0,569.8104858398438,182.6955108642578,-36.17240524291992,-1.8600871562957764,359.5055236816406,-0.39995343899184194,-0.10373328372796761,10.780122729666747,-0.39995343899184194,-0.10373328372796761,10.780122729666747,0.0,0.0,0.0,1.0,0.0,0.0,0.0
14,1,451595776,709.0,83.8816909790039,63.25115966796875,-13.070497512817383,-2.8782362937927246,26.462310791015625,-0.39995343899184194,-0.10373328372796761,10.780122729666747,-0.39995343899184194,-0.10373328372796761,10.780122729666747,0.0,0.0,0.0,1.0,0.0,0.0,0.0
14,1,451595776,719.0,991.9571533203125,136.50828552246094,5.180136680603027,-0.9080761075019836,22.612443923950195,-0.39995343899184194,-0.10373328372796761,10.780122729666747,-0.39995343899184194,-0.10373328372796761,10.780122729666747,0.0,0.0,0.0,1.0,0.0,0.0,0.0
14,1,451595776,725.0,714.5408325195312,2.034398078918457,0.8387848138809204,-3.3587000370025635,23.522918701171875,-0.39995343899184194,-0.10373328372796761,10.780122729666747,-0.39995343899184194,-0.10373328372796761,10.780122729666747,0.0,0.0,0.0,1.0,0.0,0.0,0.0
14,1,451595776,743.0,833.8251953125,46.75444412231445,2.7176198959350586,-2.3876845836639404,22.74397850036621,-0.39995343899184194,-0.10373328372796761,10.780122729666747,-0.39995343899184194,-0.10373328372796761,10.780122729666747,0.0,0.0,0.0,1.0,0.0,0.0,0.0
14,1,451595776,748.0,570.392333984375,262.81512451171875,-1.838876724243164,1.4210654497146606,24.885173797607422,-0.39995343899184194,-0.10373328372796761,10.780122729666747,-0.39995343899184194,-0.10373328372796761,10.780122729666747,0.0,0.0,0.0,1.0,0.0,0.0,0.0
14,1,451595776,754.0,1211.9212646484375,357.5483093261719,2.7896502017974854,0.8699328899383545,14.995128631591797,-0.39995343899184194,-0.10373328372796761,10.780122729666747,-0.39995343899184194,-0.10373328372796761,10.780122729666747,0.0,0.0,0.0,1.0,0.0,0.0,0.0
14,1,451595776,764.0,451.2239990234375,222.177978515625,-7.6009202003479,1.2519726753234863,37.44636154174805,-0.39995343899184194,-0.10373328372796761,10.780122729666747,-0.39995343899184194,-0.10373328372796761,10.780122729666747,0.0,0.0,0.0,1.0,0.0,0.0,0.0
14,1,451595776,789.0,310.833740234375,291.0119934082031,-5.718090057373047,1.5826091766357422,22.034015655517578,-0.39995343899184194,-0.10373328372796761,10.780122729666747,-0.39995343899184194,-0.10373328372796761,10.780122729666747,0.0,0.0,0.0,1.0,0.0,0.0,0.0
14,1,451595776,790.0,667.1836547851562,44.141658782958984,0.40190547704696655,-4.901432991027832,35.14186096191406,-0.39995343899184194,-0.10373328372796761,10.780122729666747,-0.39995343899184194,-0.10373328372796761,10.780122729666747,0.0,0.0,0.0,1.0,0.0,0.0,0.0
14,1,451595776,796.0,724.4044799804688,80.86414337158203,2.3102073669433594,-3.61116623878479,34.95781326293945,-0.39995343899184194,-0.10373328372796761,10.780122729666747,-0.39995343899184194,-0.10373328372796761,10.780122729666747,0.0,0.0,0.0,1.0,0.0,0.0,0.0
14,1,451595776,798.0,174.36866760253906,281.04754638671875,-8.923641204833984,1.6337532997131348,23.44974136352539,-0.39995343899184194,-0.10373328372796761,10.780122729666747,-0.39995343899184194,-0.10373328372796761,10.780122729666747,0.0,0.0,0.0,1.0,0.0,0.0,0.0
14,1,451595776,801.0,396.2771301269531,286.7825927734375,-4.325943946838379,1.5027599334716797,22.05633544921875,-0.39995343899184194,-0.10373328372796761,10.780122729666747,-0.39995343899184194,-0.10373328372796761,10.780122729666747,0.0,0.0,0.0,1.0,0.0,0.0,0.0
14,1,451595776,810.0,230.66973876953125,244.2178192138672,-8.058517456054688,0.9832496643066406,23.77381134033203,-0.39995343899184194,-0.10373328372796761,10.780122729666747,-0.39995343899184194,-0.10373328372796761,10.780122729666747,0.0,0.0,0.0,1.0,0.0,0.0,0.0
14,1,451595776,819.0,419.1614990234375,160.81015014648438,-12.61471939086914,-1.374001383781433,49.43344497680664,-0.39995343899184194,-0.10373328372796761,10.780122729666747,-0.39995343899184194,-0.10373328372796761,10.780122729666747,0.0,0.0,0.0,1.0,0.0,0.0,0.0
14,1,451595776,821.0,75.47576904296875,124.22708892822266,-13.07286262512207,-1.4748631715774536,26.22842025756836,-0.39995343899184194,-0.10373328372796761,10.780122729666747,-0.39995343899184194,-0.10373328372796761,10.780122729666747,0.0,0.0,0.0,1.0,0.0,0.0,0.0
14,1,451595776,825.0,587.0341186523438,209.2471923828125,-3.079925537109375,1.0259580612182617,44.187076568603516,-0.39995343899184194,-0.10373328372796761,10.780122729666747,-0.39995343899184194,-0.10373328372796761,10.780122729666747,0.0,0.0,0.0,1.0,0.0,0.0,0.0
14,1,451595776,831.0,318.6657409667969,229.4747772216797,-7.279923439025879,0.8230642676353455,25.698781967163086,-0.39995343899184194,-0.10373328372796761,10.780122729666747,-0.39995343899184194,-0.10373328372796761,10.780122729666747,0.0,0.0,0.0,1.0,0.0,0.0,0.0
14,1,451595776,835.0,209.31884765625,113.3344497680664,-13.291590690612793,-2.258526086807251,31.535110473632812,-0.39995343899184194,-0.10373328372796761,10.780122729666747,-0.39995343899184194,-0.10373328372796761,10.780122729666747,0.0,0.0,0.0,1.0,0.0,0.0,0.0
14,1,451595776,839.0,632.5361328125,201.33782958984375,-1.1814926862716675,1.0098180770874023,63.29776382446289,-0.39995343899184194,-0.10373328372796761,10.780122729666747,-0.39995343899184194,-0.10373328372796761,10.780122729666747,0.0,0.0,0.0,1.0,0.0,0.0,0.0
14,1,451595776,843.0,979.2076416015625,99.40043640136719,4.9243621826171875,-1.4807411432266235,22.485301971435547,-0.39995343899184194,-0.10373328372796761,10.780122729666747,-0.39995343899184194,-0.10373328372796761,10.780122729666747,0.0,0.0,0.0,1.0,0.0,0.0,0.0
14,1,451595776,845.0,204.4962921142578,61.97328567504883,-13.215428352355957,-3.7026243209838867,31.167896270751953,-0.39995343899184194,-0.10373328372796761,10.780122729666747,-0.39995343899184194,-0.10373328372796761,10.780122729666747,0.0,0.0,0.0,1.0,0.0,0.0,0.0
14,1,451595776,846.0,823.935302734375,330.390869140625,1.535569190979004,1.4437040090560913,18.601789474487305,-0.39995343899184194,-0.10373328372796761,10.780122729666747,-0.39995343899184194,-0.10373328372796761,10.780122729666747,0.0,0.0,0.0,1.0,0.0,0.0,0.0
14,1,451595776,847.0,328.9253845214844,16.390090942382812,-7.591392517089844,-3.96846342086792,26.87931251525879,-0.39995343899184194,-0.10373328372796761,10.780122729666747,-0.39995343899184194,-0.10373328372796761,10.780122729666747,0.0,0.0,0.0,1.0,0.0,0.0,0.0
14,1,451595776,849.0,744.872314453125,36.0908203125,2.4163594245910645,-4.367445468902588,31.43852996826172,-0.39995343899184194,-0.10373328372796761,10.780122729666747,-0.39995343899184194,-0.10373328372796761,10.780122729666747,0.0,0.0,0.0,1.0,0.0,0.0,0.0
14,1,451595776,860.0,163.06063842773438,229.7150115966797,-9.351134300231934,0.7146129012107849,23.77206039428711,-0.39995343899184194,-0.10373328372796761,10.780122729666747,-0.39995343899184194,-0.10373328372796761,10.780122729666747,0.0,0.0,0.0,1.0,0.0,0.0,0.0
14,1,451595776,861.0,519.754150390625,204.7570343017578,-8.513676643371582,1.1369837522506714,57.74672317504883,-0.39995343899184194,-0.10373328372796761,10.780122729666747,-0.39995343899184194,-0.10373328372796761,10.780122729666747,0.0,0.0,0.0,1.0,0.0,0.0,0.0
14,1,451595776,862.0,769.4122314453125,245.03810119628906,1.7785054445266724,0.9261586666107178,23.438024520874023,-0.39995343899184194,-0.10373328372796761,10.780122729666747,-0.39995343899184194,-0.10373328372796761,10.780122729666747,0.0,0.0,0.0,1.0,0.0,0.0,0.0
14,1,451595776,869.0,667.9429321289062,285.4568786621094,-0.020426711067557335,1.4803869724273682,22.30772590637207,-0.39995343899184194,-0.10373328372796761,10.780122729666747,-0.39995343899184194,-0.10373328372796761,10.780122729666747,0.0,0.0,0.0,1.0,0.0,0.0,0.0
14,1,451595776,874.0,612.4629516601562,282.14190673828125,-0.8555344343185425,1.361164927482605,21.680370330810547,-0.39995343899184194,-0.10373328372796761,10.780122729666747,-0.39995343899184194,-0.10373328372796761,10.780122729666747,0.0,0.0,0.0,1.0,0.0,0.0,0.0
1479,153,327647488,103883.0,177.6501007080078,115.9841079711914,-4.560551643371582,-14.615670204162598,155.14505004882812,75.24107912363768,149.75540260246672,-1.3850403367153081,-14.593084092561275,-13.15918938078816,170.1857645137441,-1.5654920870738636,-3.112461265716007,-10.41186851020157,0.672822976570724,-0.6880562702997742,0.19777071376532063,-0.18647937118291025
